Architecture,MemorySizeMb,MinutesSinceLastCall,EndToEndRequestDurationMs,IsColdStart,RequestFailed
x64,128,0.9279333666666667,68.9044,False,False
x64,256,0.903294505,62.4232,False,False
x64,512,0.8890999116666667,63.2677,False,False
x64,1024,0.8801023683333333,64.8154,False,False
x64,2048,0.8727735633333333,59.2299,False,False
x64,3008,0.8666498033333333,60.944,False,False
arm64,128,0.8598415266666667,48.3068,False,False
arm64,256,0.8593578333333334,61.551,False,False
arm64,512,0.85858,54.3909,False,False
arm64,1024,0.8584774933333333,58.5328,False,False
arm64,2048,0.8506612783333334,52.2892,False,False
arm64,3008,0.8432740083333333,62.1742,False,False
x64,128,1.1688538566666666,60.4909,False,False
x64,256,1.16872864,52.3761,False,False
x64,512,1.1685862183333333,59.9438,False,False
x64,1024,1.1684008116666666,48.6364,False,False
x64,2048,1.16806221,48.3952,False,False
x64,3008,1.1679490816666667,48.7684,False,False
arm64,128,1.1677098783333333,74.67,False,False
arm64,256,1.1681247316666667,70.8801,False,False
arm64,512,1.168324675,55.4056,False,False
arm64,1024,1.1683062066666667,57.8632,False,False
arm64,2048,1.1684164516666666,55.5021,False,False
arm64,3008,1.1685950233333333,56.4953,False,False
x64,128,1.672064725,53.9618,False,False
x64,256,1.6720179066666667,60.7051,False,False
x64,512,1.671971805,52.7993,False,False
x64,1024,1.67196721,66.9416,False,False
x64,2048,1.672203845,59.4978,False,False
x64,3008,1.6723738883333332,53.7233,False,False
arm64,128,1.6726022683333333,78.0826,False,False
arm64,256,1.6727169166666667,58.2246,False,False
arm64,512,1.6724965266666667,58.889,False,False
arm64,1024,1.6726434183333334,58.689,False,False
arm64,2048,1.67269555,65.3849,False,False
arm64,3008,1.6727058916666666,52.2718,False,False
x64,128,2.176356681666667,73.6432,False,False
x64,256,2.1767266816666666,57.0022,False,False
x64,512,2.1768460733333335,69.0689,False,False
x64,1024,2.1771829533333333,61.8067,False,False
x64,2048,2.1772872933333334,59.2393,False,False
x64,3008,2.1773754933333334,53.1289,False,False
arm64,128,2.1774454916666666,428.0176,False,False
arm64,256,2.1831990783333333,70.1411,False,False
arm64,512,2.183388336666667,93.5019,False,False
arm64,1024,2.1838760883333332,72.0621,False,False
arm64,2048,2.183955086666667,58.6958,False,False
arm64,3008,2.184069625,54.2961,False,False
x64,128,2.6804073866666664,70.6581,False,False
x64,256,2.6803690166666665,75.3425,False,False
x64,512,2.680579225,45.8366,False,False
x64,1024,2.68007989,57.6729,False,False
x64,2048,2.6799319683333334,50.8449,False,False
x64,3008,2.6798709516666666,53.4285,False,False
arm64,128,2.6797688683333334,61.3799,False,False
arm64,256,2.67365657,71.2743,False,False
arm64,512,2.6737805233333334,67.152,False,False
arm64,1024,2.673469435,52.5859,False,False
arm64,2048,2.673235886666667,66.1944,False,False
arm64,3008,2.6732534733333333,63.4732,False,False
x64,128,3.6754455533333332,106.1566,False,False
x64,256,3.675970595,140.5729,False,False
x64,512,3.677098808333333,64.3392,False,False
x64,1024,3.6773680233333335,60.9405,False,False
x64,2048,3.677319925,59.1002,False,False
x64,3008,3.6773659283333333,66.9207,False,False
arm64,128,3.677718655,195.6282,False,False
arm64,256,3.6799016883333335,54.7731,False,False
arm64,512,3.6795944483333334,52.0561,False,False
arm64,1024,3.6792486533333335,60.9847,False,False
arm64,2048,3.6793318216666666,56.7589,False,False
arm64,3008,3.6792586266666665,54.3837,False,False
x64,128,4.6755151,117.8784,False,False
x64,256,4.675847341666667,75.2075,False,False
x64,512,4.674858575,66.1463,False,False
x64,1024,4.675031078333333,53.7172,False,False
x64,2048,4.674880063333333,53.069,False,False
x64,3008,4.674701925,48.3582,False,False
arm64,128,4.67416774,80.0048,False,False
arm64,256,4.672424986666667,55.5599,False,False
arm64,512,4.672255131666667,55.2848,False,False
arm64,1024,4.6723269966666665,54.9043,False,False
arm64,2048,4.672315648333333,53.4498,False,False
arm64,3008,4.672055485,51.7479,False,False
x64,128,5.691239786666666,106.9839,False,False
x64,256,5.690996345,59.0212,False,False
x64,512,5.690628891666667,64.2918,False,False
x64,1024,5.6904607,57.6202,False,False
x64,2048,5.690581013333333,64.56,False,False
x64,3008,5.690797606666667,63.1229,False,False
arm64,128,5.691134888333333,1747.1379,True,False
arm64,256,5.71893372,1038.7533,True,False
arm64,512,5.735450718333333,60.1864,False,False
arm64,1024,5.735431593333334,52.2976,False,False
arm64,2048,5.735457463333334,476.8635,True,False
arm64,3008,5.742696161666666,434.0701,True,False
x64,128,6.761016723333333,1541.2808,True,False
x64,256,6.78492005,948.6723,True,False
x64,512,6.799796313333333,682.2902,True,False
x64,1024,6.810259805,476.027,True,False
x64,2048,6.81720819,417.9961,True,False
x64,3008,6.823255025,411.8348,True,False
arm64,128,6.82895674,1597.8512,True,False
arm64,256,6.826495756666667,1004.0554,True,False
arm64,512,6.825995085,687.6353,True,False
arm64,1024,6.836510338333333,512.7481,True,False
arm64,2048,6.844006116666667,463.2933,True,False
arm64,3008,6.84373152,440.3817,True,False
x64,128,7.845787873333333,1557.0117,True,False
x64,256,7.8461270716666665,889.3881,True,False
x64,512,7.844988185,689.238,True,False
x64,1024,7.845117938333333,464.172,True,False
x64,2048,7.845066931666667,461.2586,True,False
x64,3008,7.84568434,431.1519,True,False
arm64,128,7.846027431666666,1546.7403,True,False
arm64,256,7.844981383333334,968.363,True,False
arm64,512,7.844181973333333,642.0497,True,False
arm64,1024,7.843310458333334,531.6089,True,False
arm64,2048,7.8437803116666664,477.6324,True,False
arm64,3008,7.84408114,426.9239,True,False
x64,128,8.95481768,1580.6595,True,False
x64,256,8.955067428333333,894.1285,True,False
x64,512,8.95524731,722.3578,True,False
x64,1024,8.955631293333333,499.4625,True,False
x64,2048,8.956028845,479.7089,True,False
x64,3008,8.956319258333334,435.8683,True,False
arm64,128,8.956528283333334,1649.9589,True,False
arm64,256,8.95842393,1030.9626,True,False
arm64,512,8.959467286666667,777.1264,True,False
arm64,1024,8.96180225,510.1506,True,False
arm64,2048,8.961319838333333,467.2467,True,False
arm64,3008,8.961063401666667,443.8769,True,False
x64,128,9.850125255,1565.8209,True,False
x64,256,9.850030391666667,929.9662,True,False
x64,512,9.850737635,626.6322,True,False
x64,1024,9.849172475,459.578,True,False
x64,2048,9.848716548333334,475.2346,True,False
x64,3008,9.848773538333333,445.9295,True,False
arm64,128,9.848846661666666,1656.5299,True,False
arm64,256,9.848752698333334,982.3754,True,False
arm64,512,9.848193803333332,672.8628,True,False
arm64,1024,9.846541265,517.2695,True,False
arm64,2048,9.846821476666667,442.5029,True,False
arm64,3008,9.846400023333333,448.6076,True,False
x64,128,10.849702045,1615.7234,True,False
x64,256,10.850478455,943.391,True,False
x64,512,10.850487096666667,617.1986,True,False
x64,1024,10.850359568333333,463.4715,True,False
x64,2048,10.85027755,490.0705,True,False
x64,3008,10.850309348333333,445.0859,True,False
arm64,128,10.850359276666667,1644.6053,True,False
arm64,256,10.850246468333333,1002.3714,True,False
arm64,512,10.85045865,680.3725,True,False
arm64,1024,10.85047342,515.5089,True,False
arm64,2048,10.85023462,488.2167,True,False
arm64,3008,10.850979773333334,445.5539,True,False
x64,128,11.849176806666666,1545.468,True,False
x64,256,11.847999135,906.6572,True,False
x64,512,11.847545873333333,632.1424,True,False
x64,1024,11.84771816,508.1437,True,False
x64,2048,11.848475643333334,458.2381,True,False
x64,3008,11.848112098333333,416.0253,True,False
arm64,128,11.847714096666667,1661.4421,True,False
arm64,256,11.847927835,991.1879,True,False
arm64,512,11.847840253333333,662.3917,True,False
arm64,1024,11.847606253333334,559.9394,True,False
arm64,2048,11.848356786666667,468.3579,True,False
arm64,3008,11.848121415,442.7035,True,False
x64,128,12.848584305,1593.2154,True,False
x64,256,12.849355298333334,932.1518,True,False
x64,512,12.849644223333334,672.264,True,False
x64,1024,12.85047658,502.2722,True,False
x64,2048,12.85040803,511.6439,True,False
x64,3008,12.851087358333332,432.6307,True,False
arm64,128,12.851260378333333,1604.6069,True,False
arm64,256,12.850499461666667,1031.0094,True,False
arm64,512,12.851071913333334,702.9417,True,False
arm64,1024,12.851722555,539.215,True,False
arm64,2048,12.851591933333333,519.5504,True,False
arm64,3008,12.852339136666666,442.4492,True,False
x64,128,13.850461375,1484.2445,True,False
x64,256,13.84874757,935.9612,True,False
x64,512,13.84895518,618.7723,True,False
x64,1024,13.848100888333333,519.0541,True,False
x64,2048,13.848337461666667,465.063,True,False
x64,3008,13.847735288333332,453.1188,True,False
arm64,128,13.848153415,1649.1802,True,False
arm64,256,13.848749273333333,969.9634,True,False
arm64,512,13.84781947,681.3407,True,False
arm64,1024,13.847367075,554.9303,True,False
arm64,2048,13.847538045,456.9825,True,False
arm64,3008,13.846642835,464.4844,True,False
x64,128,0.97973364,69.3136,False,False
x64,256,0.9558125333333334,54.8993,False,False
x64,512,0.941808255,52.4699,False,False
x64,1024,0.9316310566666667,60.0152,False,False
x64,2048,0.9241650616666667,68.9426,False,False
x64,3008,0.9176348083333333,54.2426,False,False
arm64,128,0.9109763816666666,86.8795,False,False
arm64,256,0.8866467883333333,60.1024,False,False
arm64,512,0.8706290983333334,54.2198,False,False
arm64,1024,0.8589019216666667,61.0885,False,False
arm64,2048,0.8510457166666666,50.025,False,False
arm64,3008,0.8441947716666667,65.7974,False,False
x64,128,1.1693755966666666,47.5882,False,False
x64,256,1.1688159666666667,56.1341,False,False
x64,512,1.1688963633333334,49.5414,False,False
x64,1024,1.16883801,54.583,False,False
x64,2048,1.1688050366666667,53.6139,False,False
x64,3008,1.1685758983333334,62.6659,False,False
arm64,128,1.1689788383333333,66.128,False,False
arm64,256,1.168868575,52.0461,False,False
arm64,512,1.1685793133333333,70.3391,False,False
arm64,1024,1.1687196483333333,59.7338,False,False
arm64,2048,1.1686016366666667,70.8756,False,False
arm64,3008,1.16901105,55.1139,False,False
x64,128,1.67052698,54.3104,False,False
x64,256,1.6708828883333333,61.3842,False,False
x64,512,1.671081415,60.225,False,False
x64,1024,1.671292565,56.4801,False,False
x64,2048,1.6713265833333333,62.2835,False,False
x64,3008,1.6715095033333334,49.3877,False,False
arm64,128,1.6712714116666667,59.1509,False,False
arm64,256,1.6710763766666668,49.145,False,False
arm64,512,1.67121643,55.4866,False,False
arm64,1024,1.671053575,61.8185,False,False
arm64,2048,1.6711612066666666,60.6078,False,False
arm64,3008,1.67092312,49.3606,False,False
x64,128,2.1739769383333334,56.5883,False,False
x64,256,2.173841501666667,70.7683,False,False
x64,512,2.1739521883333333,64.9025,False,False
x64,1024,2.174021715,52.0237,False,False
x64,2048,2.1739795016666665,50.392,False,False
x64,3008,2.173643875,57.8757,False,False
arm64,128,2.1736603766666667,166.2129,False,False
arm64,256,2.175536435,67.5474,False,False
arm64,512,2.175713731666667,70.5849,False,False
arm64,1024,2.1759744316666665,61.1813,False,False
arm64,2048,2.17579726,51.7298,False,False
arm64,3008,2.1757875883333333,57.9461,False,False
x64,128,2.6735758916666668,204.5272,False,False
x64,256,2.67606958,108.9191,False,False
x64,512,2.676589095,60.8793,False,False
x64,1024,2.676728345,58.8041,False,False
x64,2048,2.6767871766666667,53.6341,False,False
x64,3008,2.6768845766666667,61.1679,False,False
arm64,128,2.6768936083333332,74.3384,False,False
arm64,256,2.6753731683333335,63.6328,False,False
arm64,512,2.67532478,57.6621,False,False
arm64,1024,2.675189366666667,49.3929,False,False
arm64,2048,2.67503318,66.6043,False,False
arm64,3008,2.6753244433333334,61.6353,False,False
x64,128,3.679955453333333,68.8332,False,False
x64,256,3.6777085566666665,74.7006,False,False
x64,512,3.67726672,73.5093,False,False
x64,1024,3.6774224166666665,75.8579,False,False
x64,2048,3.6775430633333333,74.4465,False,False
x64,3008,3.6779395666666668,63.0259,False,False
arm64,128,3.6779130633333335,354.8089,False,False
arm64,256,3.6824926183333333,55.396,False,False
arm64,512,3.68235868,87.4676,False,False
arm64,1024,3.6827104383333333,67.3112,False,False
arm64,2048,3.68309854,58.7543,False,False
arm64,3008,3.6827716116666664,68.0374,False,False
x64,128,4.679287435,152.0329,False,False
x64,256,4.680626678333334,90.6843,False,False
x64,512,4.68091895,92.833,False,False
x64,1024,4.681055025,58.0939,False,False
x64,2048,4.68080663,70.7262,False,False
x64,3008,4.680744345,68.1607,False,False
arm64,128,4.680870226666666,56.2235,False,False
arm64,256,4.675906365,55.6074,False,False
arm64,512,4.6759714783333335,55.9844,False,False
arm64,1024,4.67557822,50.1192,False,False
arm64,2048,4.675321798333333,65.9737,False,False
arm64,3008,4.675486143333333,64.4549,False,False
x64,128,20.849509558333335,1533.401,True,False
x64,256,20.84980335,885.5437,True,False
x64,512,20.848780323333333,636.4409,True,False
x64,1024,20.848418458333335,499.4629,True,False
x64,2048,20.848050898333334,455.3197,True,False
x64,3008,20.848462748333333,453.1267,True,False
arm64,128,20.848708491666667,1634.315,True,False
arm64,256,20.849436945,982.1387,True,False
arm64,512,20.848838376666667,684.6585,True,False
arm64,1024,20.849095466666668,552.6807,True,False
arm64,2048,20.849499968333333,468.0091,True,False
arm64,3008,20.848975076666665,451.0385,True,False
x64,128,40.84960058666667,1529.1503,True,False
x64,256,40.84946214666667,931.7936,True,False
x64,512,40.85004873,652.6494,True,False
x64,1024,40.85014517333333,502.859,True,False
x64,2048,40.85027073166667,492.0689,True,False
x64,3008,40.850852495,435.3834,True,False
arm64,128,40.85056683166667,1597.2061,True,False
arm64,256,40.850002665,1085.0872,True,False
arm64,512,40.85186128833333,692.026,True,False
arm64,1024,40.85197947333333,607.9544,True,False
arm64,2048,40.852980943333336,472.3434,True,False
arm64,3008,40.85322526666667,451.0177,True,False
x64,128,7.845556516666667,1505.362,True,False
x64,256,7.845017781666667,945.3429,True,False
x64,512,7.845385693333333,615.5643,True,False
x64,1024,7.845218811666666,498.3069,True,False
x64,2048,7.845404368333333,456.4206,True,False
x64,3008,7.84463392,417.699,True,False
arm64,128,7.844173766666667,1623.9139,True,False
arm64,256,7.845634743333333,1049.5342,True,False
arm64,512,7.846690535,685.9301,True,False
arm64,1024,7.846399075,525.4004,True,False
arm64,2048,7.846360896666667,472.8558,True,False
arm64,3008,7.846780495,416.0663,True,False
x64,128,7.844732018333334,1526.0466,True,False
x64,256,7.84518003,899.9797,True,False
x64,512,7.844549968333333,631.9442,True,False
x64,1024,7.845039535,489.3977,True,False
x64,2048,7.845015396666667,478.8227,True,False
x64,3008,7.845539051666667,462.72,True,False
arm64,128,7.846396045,1460.4508,True,False
arm64,256,7.843786021666666,1044.9412,True,False
arm64,512,7.843815526666667,708.235,True,False
arm64,1024,7.84436909,504.578,True,False
arm64,2048,7.844271021666667,470.967,True,False
arm64,3008,7.844234966666667,475.2297,True,False
x64,128,7.845766723333333,1518.4191,True,False
x64,256,7.845651096666667,907.4039,True,False
x64,512,7.845745798333334,610.7701,True,False
x64,1024,7.845344075,502.0728,True,False
x64,2048,7.845599951666666,462.345,True,False
x64,3008,7.845184066666667,489.2641,True,False
arm64,128,7.845718121666667,1655.9244,True,False
arm64,256,7.848812883333333,1001.4886,True,False
arm64,512,7.8480607183333335,666.2947,True,False
arm64,1024,7.847477415,523.4631,True,False
arm64,2048,7.847733786666667,486.5263,True,False
arm64,3008,7.84795497,437.5098,True,False
x64,128,7.847737413333333,1565.8599,True,False
x64,256,7.848444731666667,912.3073,True,False
x64,512,7.848437906666667,631.0049,True,False
x64,1024,7.8488178783333336,492.7632,True,False
x64,2048,7.848668766666667,428.8913,True,False
x64,3008,7.848189166666667,409.6081,True,False
arm64,128,7.846876213333333,1690.0465,True,False
arm64,256,7.847450626666666,1004.0034,True,False
arm64,512,7.847346891666667,646.0647,True,False
arm64,1024,7.84681396,526.291,True,False
arm64,2048,7.84691341,438.3469,True,False
arm64,3008,7.846308181666667,429.7027,True,False
x64,128,7.846862568333333,1598.7284,True,False
x64,256,7.84756454,914.2831,True,False
x64,512,7.847626815,617.0474,True,False
x64,1024,7.847323443333333,494.3539,True,False
x64,2048,7.847413961666667,480.7964,True,False
x64,3008,7.848385856666667,448.0393,True,False
arm64,128,7.849064148333333,1606.8905,True,False
arm64,256,7.847802908333334,972.5344,True,False
arm64,512,7.8474609016666665,659.1956,True,False
arm64,1024,7.84770689,514.6504,True,False
arm64,2048,7.84753417,490.8729,True,False
arm64,3008,7.848398305,438.4002,True,False
x64,128,7.846488783333333,1524.979,True,False
x64,256,7.845114565,894.8295,True,False
x64,512,7.84483619,657.5729,True,False
x64,1024,7.8453661,475.5475,True,False
x64,2048,7.844937548333333,450.2327,True,False
x64,3008,7.844432591666667,431.7606,True,False
arm64,128,7.844049715,1627.6294,True,False
arm64,256,7.844266536666667,950.1429,True,False
arm64,512,7.84391934,650.6968,True,False
arm64,1024,7.843871083333333,666.0283,True,False
arm64,2048,7.8463110616666665,467.0033,True,False
arm64,3008,7.845939745,436.0309,True,False
x64,128,7.847481496666667,1517.7823,True,False
x64,256,7.84746632,886.7142,True,False
x64,512,7.84740771,603.819,True,False
x64,1024,7.846708288333334,478.9516,True,False
x64,2048,7.846817668333333,423.7446,True,False
x64,3008,7.8463698016666665,411.2294,True,False
arm64,128,7.846014926666666,1627.2938,True,False
arm64,256,7.8459458883333335,945.0386,True,False
arm64,512,7.845884845,699.2061,True,False
arm64,1024,7.8466870916666664,507.3667,True,False
arm64,2048,7.844064193333334,453.8447,True,False
arm64,3008,7.84386772,442.3978,True,False
x64,128,7.84335126,1575.3208,True,False
x64,256,7.84432375,893.7534,True,False
x64,512,7.844514836666667,609.4896,True,False
x64,1024,7.844547175,480.5923,True,False
x64,2048,7.844569206666667,443.583,True,False
x64,3008,7.844909933333334,422.2495,True,False
arm64,128,7.8450759,1619.3938,True,False
arm64,256,7.844929285,959.1706,True,False
arm64,512,7.845144433333333,646.2424,True,False
arm64,1024,7.844275241666667,504.6,True,False
arm64,2048,7.844219056666667,454.1872,True,False
arm64,3008,7.844149443333333,459.8881,True,False
x64,128,7.844401698333333,1522.8913,True,False
x64,256,7.84337382,911.1129,True,False
x64,512,7.843474503333334,684.1457,True,False
x64,1024,7.84464827,505.2201,True,False
x64,2048,7.84499475,460.2763,True,False
x64,3008,7.845160208333334,414.2249,True,False
arm64,128,7.845088881666666,1605.6495,True,False
arm64,256,7.845057615,978.0772,True,False
arm64,512,7.8451758966666665,718.1511,True,False
arm64,1024,7.846430441666667,536.3381,True,False
arm64,2048,7.846808695,464.2895,True,False
arm64,3008,7.846981128333334,479.8249,True,False
x64,128,7.8464040383333336,1515.3076,True,False
x64,256,7.846427411666666,905.1678,True,False
x64,512,7.846470478333333,662.0821,True,False
x64,1024,7.8462397883333335,485.6387,True,False
x64,2048,7.846025623333333,449.3143,True,False
x64,3008,7.8457697233333334,415.6277,True,False
arm64,128,7.84568558,1663.0358,True,False
arm64,256,7.846602081666667,1066.6224,True,False
arm64,512,7.848145743333333,689.1804,True,False
arm64,1024,7.847598725,569.0637,True,False
arm64,2048,7.848200333333334,462.98,True,False
arm64,3008,7.848076946666667,445.0256,True,False
x64,128,7.848295711666666,1466.3386,True,False
x64,256,7.847344826666666,928.0767,True,False
x64,512,7.847594046666667,659.0364,True,False
x64,1024,7.84757158,525.8747,True,False
x64,2048,7.84819389,436.4965,True,False
x64,3008,7.847925186666667,412.9633,True,False
arm64,128,7.848011263333333,1650.3152,True,False
arm64,256,7.84765142,997.4599,True,False
arm64,512,7.846624436666667,696.2044,True,False
arm64,1024,7.846790768333333,502.2503,True,False
arm64,2048,7.8456215,461.2483,True,False
arm64,3008,7.845609476666667,414.9045,True,False
x64,128,7.844443693333333,1529.0821,True,False
x64,256,7.845643501666666,884.1057,True,False
x64,512,7.845011878333334,598.9411,True,False
x64,1024,7.8438241416666665,482.1334,True,False
x64,2048,7.843151813333334,419.0641,True,False
x64,3008,7.842956471666667,442.0095,True,False
arm64,128,7.843439163333334,1644.5373,True,False
arm64,256,7.843345871666667,1118.2571,True,False
arm64,512,7.845132453333333,681.9485,True,False
arm64,1024,7.8448113,537.4008,True,False
arm64,2048,7.845638188333333,465.6615,True,False
arm64,3008,7.845773833333333,466.1702,True,False
x64,128,7.847796641666666,1536.0428,True,False
x64,256,7.847833763333333,955.6493,True,False
x64,512,7.848956238333333,608.2838,True,False
x64,1024,7.849229038333333,509.1533,True,False
x64,2048,7.849665403333334,428.702,True,False
x64,3008,7.849745605,432.0442,True,False
arm64,128,7.84964657,1589.3335,True,False
arm64,256,7.848888661666667,938.5987,True,False
arm64,512,7.8459661983333335,667.6525,True,False
arm64,1024,7.8458536683333335,506.6844,True,False
arm64,2048,7.845146045,477.4958,True,False
arm64,3008,7.845434743333334,447.7683,True,False
x64,128,7.845187095,1511.6596,True,False
x64,256,7.844875423333334,933.9014,True,False
x64,512,7.844600168333334,564.2184,True,False
x64,1024,7.843836536666666,489.5794,True,False
x64,2048,7.8435005916666665,480.4289,True,False
x64,3008,7.844421256666666,416.469,True,False
arm64,128,7.844115181666667,1598.0911,True,False
arm64,256,7.84424948,967.0471,True,False
arm64,512,7.8446682716666665,645.234,True,False
arm64,1024,7.844280031666667,491.4242,True,False
arm64,2048,7.844025998333334,459.6815,True,False
arm64,3008,7.84358868,466.0461,True,False
x64,128,7.845242615,1500.921,True,False
x64,256,7.844996246666667,896.798,True,False
x64,512,7.844277596666666,620.9477,True,False
x64,1024,7.845229733333333,483.4269,True,False
x64,2048,7.845073191666667,446.5205,True,False
x64,3008,7.84460123,466.0502,True,False
arm64,128,7.845383005,1563.7143,True,False
arm64,256,7.84467084,1014.4593,True,False
arm64,512,7.845599505,722.902,True,False
arm64,1024,7.8468384533333335,519.7953,True,False
arm64,2048,7.847423685,458.8211,True,False
arm64,3008,7.84736394,448.8328,True,False
x64,128,7.846023473333333,1554.9124,True,False
x64,256,7.846862621666666,925.6835,True,False
x64,512,7.847431355,585.7281,True,False
x64,1024,7.846824876666667,519.5582,True,False
x64,2048,7.847507061666667,437.6856,True,False
x64,3008,7.84736128,418.9039,True,False
arm64,128,7.846694783333334,1760.6302,True,False
arm64,256,7.849999075,1033.3697,True,False
arm64,512,7.85034255,667.0216,True,False
arm64,1024,7.849449065,506.7586,True,False
arm64,2048,7.849192725,469.0345,True,False
arm64,3008,7.84954748,424.6668,True,False
x64,128,7.848475521666667,1452.0678,True,False
x64,256,7.846723725,911.8331,True,False
x64,512,7.846535056666666,654.186,True,False
x64,1024,7.847611626666667,483.5937,True,False
x64,2048,7.846844493333333,431.63,True,False
x64,3008,7.846767355,425.5872,True,False
arm64,128,7.846790745,1566.8215,True,False
arm64,256,7.843749593333333,1004.9503,True,False
arm64,512,7.843125668333333,644.0694,True,False
arm64,1024,7.84261558,538.329,True,False
arm64,2048,7.843108526666667,462.2313,True,False
arm64,3008,7.842774695,439.6883,True,False
x64,128,7.843468133333333,1576.606,True,False
x64,256,7.845487171666667,855.194,True,False
x64,512,7.844438395,640.7104,True,False
x64,1024,7.844215238333334,488.2491,True,False
x64,2048,7.844310205,424.67,True,False
x64,3008,7.844089613333334,421.7878,True,False
arm64,128,7.844038626666666,1534.2519,True,False
arm64,256,7.843489966666667,1008.1275,True,False
arm64,512,7.843704658333333,620.3819,True,False
arm64,1024,7.843383726666667,501.2171,True,False
arm64,2048,7.8427297,487.9521,True,False
arm64,3008,7.843235786666667,439.408,True,False
x64,128,7.842559961666667,1492.5943,True,False
x64,256,7.841247363333333,860.1588,True,False
x64,512,7.841265391666667,598.4525,True,False
x64,1024,7.840745765,476.2188,True,False
x64,2048,7.840574148333333,439.8737,True,False
x64,3008,7.84093665,417.1927,True,False
arm64,128,7.840799483333333,1609.147,True,False
arm64,256,7.841992355,955.4269,True,False
arm64,512,7.841142398333333,623.4823,True,False
arm64,1024,7.841067435,509.5959,True,False
arm64,2048,7.841310251666667,456.9299,True,False
arm64,3008,7.840770376666667,429.7168,True,False
x64,128,7.84284747,1515.4624,True,False
x64,256,7.843305741666667,958.2709,True,False
x64,512,7.84495909,603.3949,True,False
x64,1024,7.844848053333333,508.8166,True,False
x64,2048,7.84537253,439.4395,True,False
x64,3008,7.845177048333333,431.244,True,False
arm64,128,7.845540686666666,1634.0158,True,False
arm64,256,7.845879683333333,964.2518,True,False
arm64,512,7.84596139,670.4426,True,False
arm64,1024,7.846929696666667,559.5221,True,False
arm64,2048,7.847726178333334,442.2394,True,False
arm64,3008,7.847442751666667,450.1482,True,False
x64,128,7.845713276666666,1504.2234,True,False
x64,256,7.845414953333333,943.0385,True,False
x64,512,7.8452705966666665,663.8298,True,False
x64,1024,7.846300883333333,503.3469,True,False
x64,2048,7.846267846666667,464.8199,True,False
x64,3008,7.846828898333333,418.2115,True,False
arm64,128,7.846613315,1543.0475,True,False
arm64,256,7.845077506666667,964.053,True,False
arm64,512,7.845014381666667,711.7701,True,False
arm64,1024,7.84563766,537.6407,True,False
arm64,2048,7.84523937,465.3233,True,False
arm64,3008,7.845771131666667,438.0471,True,False
x64,128,7.845719921666666,1463.4874,True,False
x64,256,7.844972973333333,1002.1974,True,False
x64,512,7.845823366666667,589.1197,True,False
x64,1024,7.84467951,474.4397,True,False
x64,2048,7.844140085,454.995,True,False
x64,3008,7.844009076666667,423.3916,True,False
arm64,128,7.84399669,1611.9299,True,False
arm64,256,7.845148138333333,922.7314,True,False
arm64,512,7.844362866666667,701.2114,True,False
arm64,1024,7.844292325,505.7569,True,False
arm64,2048,7.843831615,447.0497,True,False
arm64,3008,7.84348512,432.5763,True,False
x64,128,7.84442127,1567.0675,True,False
x64,256,7.846351921666667,806.3391,True,False
x64,512,7.843066145,673.8897,True,False
x64,1024,7.844459275,487.1973,True,False
x64,2048,7.844709698333333,436.7367,True,False
x64,3008,7.844330605,430.1749,True,False
arm64,128,7.844530435,1507.3939,True,False
arm64,256,7.842783011666667,997.8319,True,False
arm64,512,7.844246011666667,658.8729,True,False
arm64,1024,7.843488915,519.6444,True,False
arm64,2048,7.84377145,459.633,True,False
arm64,3008,7.84404514,459.3314,True,False
x64,128,7.843144718333333,1601.992,True,False
x64,256,7.84367057,922.8005,True,False
x64,512,7.845725556666666,633.0852,True,False
x64,1024,7.845123245,504.5878,True,False
x64,2048,7.845411625,442.338,True,False
x64,3008,7.845544136666667,425.1389,True,False
arm64,128,7.84528435,1669.1299,True,False
arm64,256,7.848140966666667,942.9174,True,False
arm64,512,7.847035571666667,626.3871,True,False
arm64,1024,7.84648224,536.4782,True,False
arm64,2048,7.846603731666667,442.0217,True,False
arm64,3008,7.84613162,443.1715,True,False
x64,128,7.84564772,1526.9802,True,False
x64,256,7.844297551666667,914.974,True,False
x64,512,7.84425714,627.6834,True,False
x64,1024,7.843978098333333,487.945,True,False
x64,2048,7.8437611516666665,426.1075,True,False
x64,3008,7.8434899116666665,432.445,True,False
arm64,128,7.843586556666667,1552.169,True,False
arm64,256,7.841469336666667,1011.4766,True,False
arm64,512,7.84267875,648.417,True,False
arm64,1024,7.842919893333334,491.2249,True,False
arm64,2048,7.8422847283333335,436.0243,True,False
arm64,3008,7.842298925,430.2478,True,False
x64,128,7.8426836133333335,1514.3488,True,False
x64,256,7.842512865,886.4494,True,False
x64,512,7.842026863333333,621.4087,True,False
x64,1024,7.841925176666667,466.7788,True,False
x64,2048,7.841582148333333,416.4868,True,False
x64,3008,7.8412811583333335,439.6502,True,False
arm64,128,7.841457915,1572.0228,True,False
arm64,256,7.841852451666667,996.6308,True,False
arm64,512,7.841543323333333,695.1327,True,False
arm64,1024,7.842264203333333,551.4002,True,False
arm64,2048,7.843201415,442.2284,True,False
arm64,3008,7.843276498333333,442.048,True,False
x64,128,7.843509578333333,1557.5863,True,False
x64,256,7.844219921666666,871.3253,True,False
x64,512,7.843975635,618.8996,True,False
x64,1024,7.844035463333333,465.7681,True,False
x64,2048,7.843967665,509.6684,True,False
x64,3008,7.845688311666667,438.664,True,False
arm64,128,7.845657875,1582.9034,True,False
arm64,256,7.845782726666667,1022.3485,True,False
arm64,512,7.846355075,677.6042,True,False
arm64,1024,7.846122175,525.7781,True,False
arm64,2048,7.845787886666667,433.5992,True,False
arm64,3008,7.845580283333334,430.1415,True,False
x64,128,7.84432314,1468.4576,True,False
x64,256,7.842941505,841.8092,True,False
x64,512,7.842336685,647.9816,True,False
x64,1024,7.842728498333333,495.1905,True,False
x64,2048,7.843151101666667,420.5275,True,False
x64,3008,7.8417348633333335,412.6635,True,False
arm64,128,7.8412567583333335,1591.4594,True,False
arm64,256,7.841551956666667,996.2201,True,False
arm64,512,7.840964808333333,691.5125,True,False
arm64,1024,7.84132435,549.404,True,False
arm64,2048,7.841632066666667,475.7249,True,False
arm64,3008,7.84250991,440.6225,True,False
x64,128,7.842909938333333,1597.809,True,False
x64,256,7.845120128333333,925.7997,True,False
x64,512,7.846521718333333,646.6465,True,False
x64,1024,7.846603958333334,484.3006,True,False
x64,2048,7.846472143333333,421.4238,True,False
x64,3008,7.846315158333334,442.7414,True,False
arm64,128,7.846906543333334,1548.1733,True,False
arm64,256,7.846058065,983.6613,True,False
arm64,512,7.845840515,676.2676,True,False
arm64,1024,7.845417075,524.3095,True,False
arm64,2048,7.845147328333334,447.9464,True,False
arm64,3008,7.844672896666666,443.1682,True,False
x64,128,7.844854388333333,1469.918,True,False
x64,256,7.842547688333333,866.013,True,False
x64,512,7.841603173333334,612.8155,True,False
x64,1024,7.841013288333333,473.626,True,False
x64,2048,7.840785968333333,479.7073,True,False
x64,3008,7.841695638333333,443.5917,True,False
arm64,128,7.841610508333333,1624.1978,True,False
arm64,256,7.842975531666666,932.0549,True,False
arm64,512,7.842265281666666,685.9884,True,False
arm64,1024,7.842436903333334,523.9374,True,False
arm64,2048,7.842267011666666,451.6358,True,False
arm64,3008,7.842297,447.0697,True,False
x64,128,7.842769293333333,1521.5586,True,False
x64,256,7.843633873333333,909.1659,True,False
x64,512,7.844447688333333,630.982,True,False
x64,1024,7.844734185,489.573,True,False
x64,2048,7.845086341666667,428.7413,True,False
x64,3008,7.844384033333333,426.7223,True,False
arm64,128,7.844257761666666,1510.7555,True,False
arm64,256,7.84236583,988.8074,True,False
arm64,512,7.84324079,647.4737,True,False
arm64,1024,7.842801383333334,623.1193,True,False
arm64,2048,7.84441003,441.2565,True,False
arm64,3008,7.844332616666667,421.1827,True,False
x64,128,7.844436246666667,1534.0425,True,False
x64,256,7.84464779,866.9178,True,False
x64,512,7.843866325,624.6629,True,False
x64,1024,7.843725756666666,456.8127,True,False
x64,2048,7.843101655,430.1055,True,False
x64,3008,7.843141961666666,435.8955,True,False
arm64,128,7.843238488333333,1576.2224,True,False
arm64,256,7.844178203333334,951.1288,True,False
arm64,512,7.843676436666667,645.9681,True,False
arm64,1024,7.843449848333333,652.9502,True,False
arm64,2048,7.844024645,456.8519,True,False
arm64,3008,7.844177571666667,452.6458,True,False
x64,128,7.843172806666667,1536.8832,True,False
x64,256,7.843196393333334,822.572,True,False
x64,512,7.842323891666667,616.5673,True,False
x64,1024,7.842212193333333,469.1927,True,False
x64,2048,7.8423916233333335,458.8329,True,False
x64,3008,7.842852408333333,440.0474,True,False
arm64,128,7.842995621666667,1566.6132,True,False
arm64,256,7.842984351666667,969.2144,True,False
arm64,512,7.84310868,643.4681,True,False
arm64,1024,7.843287446666666,512.6449,True,False
arm64,2048,7.840921195,467.5631,True,False
arm64,3008,7.841137136666666,453.603,True,False
x64,128,7.840228631666666,1495.9713,True,False
x64,256,7.839618576666667,930.1421,True,False
x64,512,7.841481648333334,638.4341,True,False
x64,1024,7.841945148333333,493.5545,True,False
x64,2048,7.842557765,443.3152,True,False
x64,3008,7.84234871,446.9676,True,False
arm64,128,7.842446481666666,1582.0494,True,False
arm64,256,7.842577518333333,940.523,True,False
arm64,512,7.8421518683333336,706.5254,True,False
arm64,1024,7.843140635,548.5328,True,False
arm64,2048,7.843806005,453.2712,True,False
arm64,3008,7.843547393333333,454.9376,True,False
x64,128,7.844892171666666,1493.1912,True,False
x64,256,7.844853595,925.6304,True,False
x64,512,7.844864841666666,622.3424,True,False
x64,1024,7.844513686666667,490.2777,True,False
x64,2048,7.8444257083333335,420.8869,True,False
x64,3008,7.844036986666667,437.3405,True,False
arm64,128,7.843784028333333,1611.5639,True,False
arm64,256,7.844354198333333,983.9142,True,False
arm64,512,7.84512684,658.6417,True,False
arm64,1024,7.844216628333333,527.0601,True,False
arm64,2048,7.843832071666666,467.0718,True,False
arm64,3008,7.84406736,414.8816,True,False
x64,128,7.84418772,1499.3873,True,False
x64,256,7.844266265,932.0695,True,False
x64,512,7.844396641666667,666.1211,True,False
x64,1024,7.845050795,561.9483,True,False
x64,2048,7.84614885,412.1775,True,False
x64,3008,7.845966596666667,435.045,True,False
arm64,128,7.845863635,1675.4041,True,False
arm64,256,7.846883053333333,1017.8073,True,False
arm64,512,7.84740512,652.0448,True,False
arm64,1024,7.847236801666667,492.7322,True,False
arm64,2048,7.84669413,501.3517,True,False
arm64,3008,7.847262146666667,436.6363,True,False
x64,128,7.847737585,1467.4159,True,False
x64,256,7.847234983333333,918.1784,True,False
x64,512,7.846960018333333,588.7612,True,False
x64,1024,7.84572281,555.8623,True,False
x64,2048,7.84574922,419.5347,True,False
x64,3008,7.84580906,427.789,True,False
arm64,128,7.84570237,1639.6858,True,False
arm64,256,7.845036786666666,1022.6699,True,False
arm64,512,7.845250303333334,636.2325,True,False
arm64,1024,7.845090828333333,518.5657,True,False
arm64,2048,7.845587648333334,420.0421,True,False
arm64,3008,7.844188265,446.473,True,False
x64,128,7.844965698333334,1537.9444,True,False
x64,256,7.84602871,920.0976,True,False
x64,512,7.845955408333333,720.7907,True,False
x64,1024,7.848227153333333,505.649,True,False
x64,2048,7.847235975,433.9881,True,False
x64,3008,7.84752109,463.1871,True,False
arm64,128,7.848287783333333,1583.0664,True,False
arm64,256,7.847285103333333,987.321,True,False
arm64,512,7.846707593333333,645.4547,True,False
arm64,1024,7.846873543333333,480.8349,True,False
arm64,2048,7.84623896,455.4872,True,False
arm64,3008,7.84678176,439.3198,True,False
x64,128,7.844245306666667,1581.4925,True,False
x64,256,7.845178101666667,945.5725,True,False
x64,512,7.84556563,635.9797,True,False
x64,1024,7.844041031666666,464.2169,True,False
x64,2048,7.843430101666667,459.1019,True,False
x64,3008,7.843965263333334,417.2598,True,False
arm64,128,7.843103453333334,1587.7918,True,False
arm64,256,7.843438886666667,945.9382,True,False
arm64,512,7.842596855,654.8127,True,False
arm64,1024,7.8426814983333335,556.1573,True,False
arm64,2048,7.843945598333334,459.8851,True,False
arm64,3008,7.8439766833333335,440.7553,True,False
x64,128,7.845898686666667,1538.4248,True,False
x64,256,7.845188003333333,932.241,True,False
x64,512,7.845164506666666,718.2704,True,False
x64,1024,7.846550611666666,492.3257,True,False
x64,2048,7.8469125533333335,381.4912,True,False
x64,3008,7.845567868333333,422.4066,True,False
arm64,128,7.84557567,1654.2541,True,False
arm64,256,7.8466965816666665,926.291,True,False
arm64,512,7.846411968333333,646.1883,True,False
arm64,1024,7.846451135,537.9183,True,False
arm64,2048,7.845952278333334,471.9372,True,False
arm64,3008,7.846367248333333,444.0477,True,False
x64,128,7.848495391666667,1521.2635,True,False
x64,256,7.848141858333333,822.0926,True,False
x64,512,7.846172576666667,616.0541,True,False
x64,1024,7.84450898,493.0796,True,False
x64,2048,7.844550811666666,479.9885,True,False
x64,3008,7.846209216666667,405.0365,True,False
arm64,128,7.845939788333333,1627.3686,True,False
arm64,256,7.845335853333333,982.575,True,False
arm64,512,7.84626905,626.3143,True,False
arm64,1024,7.845861461666667,517.554,True,False
arm64,2048,7.845720506666667,416.1589,True,False
arm64,3008,7.844632268333333,431.2563,True,False
x64,128,7.844966816666667,1529.5476,True,False
x64,256,7.84516203,900.6824,True,False
x64,512,7.846432958333334,659.8356,True,False
x64,1024,7.847280351666667,491.6254,True,False
x64,2048,7.847331846666667,440.3532,True,False
x64,3008,7.846469045,422.2635,True,False
arm64,128,7.846806421666667,1510.3033,True,False
arm64,256,7.844825015,984.431,True,False
arm64,512,7.844878348333333,649.03,True,False
arm64,1024,7.845106875,531.5634,True,False
arm64,2048,7.845261923333333,478.9761,True,False
arm64,3008,7.846433631666667,434.8349,True,False
x64,128,7.845396326666667,1522.7818,True,False
x64,256,7.845168465,924.7821,True,False
x64,512,7.84560413,618.4819,True,False
x64,1024,7.844735668333334,467.0191,True,False
x64,2048,7.844407821666667,450.0736,True,False
x64,3008,7.844777143333333,428.869,True,False
arm64,128,7.844862815,1649.7757,True,False
arm64,256,7.847330133333333,967.7064,True,False
arm64,512,7.847143436666666,674.4788,True,False
arm64,1024,7.847658511666666,500.3105,True,False
arm64,2048,7.847100196666666,470.0313,True,False
arm64,3008,7.8468990383333335,461.906,True,False
x64,128,7.846150621666666,1546.0416,True,False
x64,256,7.84663044,911.2729,True,False
x64,512,7.84642691,607.3352,True,False
x64,1024,7.846219903333333,451.9282,True,False
x64,2048,7.845922806666667,448.8599,True,False
x64,3008,7.84575677,441.137,True,False
arm64,128,7.84609296,1620.384,True,False
arm64,256,7.845460845,1091.3691,True,False
arm64,512,7.847363615,687.1903,True,False
arm64,1024,7.847626735,509.3302,True,False
arm64,2048,7.847868896666666,456.2595,True,False
arm64,3008,7.847506518333334,450.7755,True,False
x64,128,7.846589083333333,1472.393,True,False
x64,256,7.845412886666667,922.2102,True,False
x64,512,7.845645561666666,656.2467,True,False
x64,1024,7.846470898333333,489.3051,True,False
x64,2048,7.847057983333333,432.5761,True,False
x64,3008,7.846926085,418.8529,True,False
arm64,128,7.846598056666667,1517.2632,True,False
arm64,256,7.844991586666667,1002.6814,True,False
arm64,512,7.843454971666667,645.5713,True,False
arm64,1024,7.842623555,528.3,True,False
arm64,2048,7.842954835,470.393,True,False
arm64,3008,7.843361321666666,459.9048,True,False
x64,128,7.843426053333333,1448.7539,True,False
x64,256,7.842873681666667,914.8493,True,False
x64,512,7.842684183333334,580.9127,True,False
x64,1024,7.841506755,491.7043,True,False
x64,2048,7.841576961666667,489.5018,True,False
x64,3008,7.842336915,431.7533,True,False
arm64,128,7.84253348,1593.0825,True,False
arm64,256,7.8438399033333335,984.0974,True,False
arm64,512,7.843655166666666,650.1304,True,False
arm64,1024,7.843781638333334,536.4232,True,False
arm64,2048,7.843940575,445.0102,True,False
arm64,3008,7.843464791666666,415.0854,True,False
x64,128,7.842499026666666,1596.978,True,False
x64,256,7.845057593333333,950.5515,True,False
x64,512,7.845683926666666,593.2158,True,False
x64,1024,7.845895615,477.1565,True,False
x64,2048,7.84561412,445.9257,True,False
x64,3008,7.844967855,379.8111,True,False
arm64,128,7.843966971666666,1574.3143,True,False
arm64,256,7.84362622,970.725,True,False
arm64,512,7.843300733333334,659.2962,True,False
arm64,1024,7.84351918,505.3682,True,False
arm64,2048,7.84286393,477.5161,True,False
arm64,3008,7.843435785,438.1764,True,False
x64,128,7.845808323333333,1560.8934,True,False
x64,256,7.84514689,925.9522,True,False
x64,512,7.844693331666667,683.948,True,False
x64,1024,7.846120646666667,442.6126,True,False
x64,2048,7.845516491666666,432.3491,True,False
x64,3008,7.845401966666667,409.1386,True,False
arm64,128,7.845939975,1640.7266,True,False
arm64,256,7.846955455,956.9182,True,False
arm64,512,7.84681445,666.0887,True,False
arm64,1024,7.8470483516666665,567.8867,True,False
arm64,2048,7.848168046666666,444.6882,True,False
arm64,3008,7.847490055,414.0629,True,False
x64,128,7.845885616666667,1565.5347,True,False
x64,256,7.846047221666667,1093.1569,True,False
x64,512,7.84889722,608.8056,True,False
x64,1024,7.847641423333333,476.5662,True,False
x64,2048,7.848324636666667,490.4062,True,False
x64,3008,7.849268258333334,438.4902,True,False
arm64,128,7.849636775,1606.8043,True,False
arm64,256,7.849106681666667,1034.1268,True,False
arm64,512,7.850397568333333,671.6817,True,False
arm64,1024,7.850451366666666,465.4605,True,False
arm64,2048,7.848616231666667,438.2198,True,False
arm64,3008,7.848670216666667,443.4081,True,False
x64,128,7.849614813333333,1526.3303,True,False
x64,256,7.848952746666667,886.4759,True,False
x64,512,7.845429125,583.7888,True,False
x64,1024,7.845002193333333,476.4488,True,False
x64,2048,7.84483357,420.1257,True,False
x64,3008,7.8436778233333335,423.9293,True,False
arm64,128,7.843661146666666,1626.0152,True,False
arm64,256,7.843847666666667,968.9773,True,False
arm64,512,7.84286298,672.8115,True,False
arm64,1024,7.84278316,509.2783,True,False
arm64,2048,7.843648175,502.3481,True,False
arm64,3008,7.844596423333333,430.4794,True,False
x64,128,7.84295978,1477.701,True,False
x64,256,7.842086481666667,929.0126,True,False
x64,512,7.842775991666667,668.0735,True,False
x64,1024,7.844249268333333,509.3007,True,False
x64,2048,7.844815718333333,440.9966,True,False
x64,3008,7.845197306666667,410.8647,True,False
arm64,128,7.844858293333333,1667.2753,True,False
arm64,256,7.845689275,993.569,True,False
arm64,512,7.846095116666667,637.9409,True,False
arm64,1024,7.845637055,509.8864,True,False
arm64,2048,7.84552707,451.4724,True,False
arm64,3008,7.844603766666666,439.074,True,False
x64,128,7.845242483333333,1504.9976,True,False
x64,256,7.845713565,889.304,True,False
x64,512,7.845215326666667,638.4188,True,False
x64,1024,7.8447217983333335,506.8614,True,False
x64,2048,7.844784566666666,407.1523,True,False
x64,3008,7.843994181666667,422.9427,True,False
arm64,128,7.844323945,1574.7297,True,False
arm64,256,7.8427248516666666,1006.0174,True,False
arm64,512,7.84272234,672.5086,True,False
arm64,1024,7.843259221666667,538.4585,True,False
arm64,2048,7.843838378333333,433.1546,True,False
arm64,3008,7.843525896666667,427.4303,True,False
x64,128,7.843873535,1454.6956,True,False
x64,256,7.843051715,916.3888,True,False
x64,512,7.843381538333333,639.2619,True,False
x64,1024,7.84350456,492.571,True,False
x64,2048,7.843267636666667,423.9053,True,False
x64,3008,7.843650225,431.3485,True,False
arm64,128,7.84374337,1655.2949,True,False
arm64,256,7.8450666133333335,1005.0649,True,False
arm64,512,7.845207585,690.3468,True,False
arm64,1024,7.84534442,535.6936,True,False
arm64,2048,7.845314145,468.5676,True,False
arm64,3008,7.845933163333333,456.5642,True,False
x64,128,7.847069743333333,1505.6306,True,False
x64,256,7.847821175,942.1897,True,False
x64,512,7.848252665,597.3269,True,False
x64,1024,7.847463023333333,476.9957,True,False
x64,2048,7.847237153333333,445.1294,True,False
x64,3008,7.84766986,482.2585,True,False
arm64,128,7.848429105,1598.8078,True,False
arm64,256,7.847522341666667,920.9561,True,False
arm64,512,7.84612116,685.0024,True,False
arm64,1024,7.846191328333333,507.46,True,False
arm64,2048,7.845733283333334,459.6225,True,False
arm64,3008,7.845639778333333,442.4253,True,False
x64,128,7.841409505,1513.2688,True,False
x64,256,7.841501066666667,884.1725,True,False
x64,512,7.8404863633333335,638.3366,True,False
x64,1024,7.841123928333333,508.4906,True,False
x64,2048,7.841438675,463.8558,True,False
x64,3008,7.841591626666666,441.8577,True,False
arm64,128,7.840918193333334,1652.8507,True,False
arm64,256,7.841884893333333,979.0092,True,False
arm64,512,7.842852576666667,709.9967,True,False
arm64,1024,7.843135803333333,505.5281,True,False
arm64,2048,7.843046266666667,457.0469,True,False
arm64,3008,7.843092556666667,454.9908,True,False
x64,128,7.84675674,1493.2429,True,False
x64,256,7.846590961666666,922.099,True,False
x64,512,7.847308185,589.1735,True,False
x64,1024,7.84661093,502.4835,True,False
x64,2048,7.846552435,441.241,True,False
x64,3008,7.846225648333333,420.5205,True,False
arm64,128,7.845940566666667,1552.7127,True,False
arm64,256,7.844266838333334,993.307,True,False
arm64,512,7.844438755,668.0082,True,False
arm64,1024,7.843776446666666,553.1961,True,False
arm64,2048,7.844634331666667,460.1594,True,False
arm64,3008,7.844665711666667,448.5087,True,False
x64,128,7.845072386666667,1602.2088,True,False
x64,256,7.846738695,964.1455,True,False
x64,512,7.847338271666667,624.1936,True,False
x64,1024,7.847887301666667,465.4796,True,False
x64,2048,7.847248435,496.382,True,False
x64,3008,7.848212213333333,460.1201,True,False
arm64,128,7.848848146666667,1663.2044,True,False
arm64,256,7.850693408333333,1022.0442,True,False
arm64,512,7.851160393333333,721.027,True,False
arm64,1024,7.852022023333333,575.2393,True,False
arm64,2048,7.85241183,445.8449,True,False
arm64,3008,7.852185698333333,464.6477,True,False
x64,128,7.85257572,1469.0732,True,False
x64,256,7.850383968333333,924.5744,True,False
x64,512,7.849802325,623.7051,True,False
x64,1024,7.849704883333334,509.8016,True,False
x64,2048,7.850655363333333,440.5632,True,False
x64,3008,7.8496124866666666,444.8552,True,False
arm64,128,7.849380308333333,1700.9374,True,False
arm64,256,7.849860296666667,988.0236,True,False
arm64,512,7.849189385,660.8949,True,False
arm64,1024,7.848186748333333,502.6367,True,False
arm64,2048,7.846846523333333,431.483,True,False
arm64,3008,7.846545833333334,447.4111,True,False
x64,128,7.845775286666667,1530.3083,True,False
x64,256,7.846895005,946.3061,True,False
x64,512,7.847307368333333,647.6047,True,False
x64,1024,7.847853743333333,489.0996,True,False
x64,2048,7.84733567,457.087,True,False
x64,3008,7.8477816266666665,378.3815,True,False
arm64,128,7.846657676666666,1689.7257,True,False
arm64,256,7.846664851666667,997.5795,True,False
arm64,512,7.846888805,665.937,True,False
arm64,1024,7.8470889433333335,526.8698,True,False
arm64,2048,7.847376611666666,451.3258,True,False
arm64,3008,7.8477589383333335,427.2625,True,False
x64,128,7.849533976666667,1601.5136,True,False
x64,256,7.850693945,886.3072,True,False
x64,512,7.849609081666666,642.8431,True,False
x64,1024,7.849504248333333,517.2232,True,False
x64,2048,7.850041395,719.847,True,False
x64,3008,7.8543988633333335,435.2006,True,False
arm64,128,7.855251428333333,1612.2411,True,False
arm64,256,7.853773341666667,908.7542,True,False
arm64,512,7.8522712383333335,682.2201,True,False
arm64,1024,7.852578318333333,558.535,True,False
arm64,2048,7.853324886666667,465.4623,True,False
arm64,3008,7.853476015,435.3117,True,False
x64,128,7.852680048333333,1509.1506,True,False
x64,256,7.8510734766666666,923.3509,True,False
x64,512,7.85176436,647.2337,True,False
x64,1024,7.85177049,502.5238,True,False
x64,2048,7.851395453333334,456.9813,True,False
x64,3008,7.84685652,435.3051,True,False
arm64,128,7.847017926666667,1582.9149,True,False
arm64,256,7.846519196666667,973.0559,True,False
arm64,512,7.847699275,672.0369,True,False
arm64,1024,7.847484733333333,514.9785,True,False
arm64,2048,7.846691661666667,481.3982,True,False
arm64,3008,7.84694356,431.1705,True,False
x64,128,7.844260473333334,1556.7575,True,False
x64,256,7.8451037333333336,930.584,True,False
x64,512,7.845220758333333,644.6155,True,False
x64,1024,7.845258975,500.4339,True,False
x64,2048,7.845258243333333,410.6471,True,False
x64,3008,7.844719138333334,427.4814,True,False
arm64,128,7.844548853333333,1661.2903,True,False
arm64,256,7.845973025,1020.1639,True,False
arm64,512,7.84667857,652.6613,True,False
arm64,1024,7.846269263333333,554.3075,True,False
arm64,2048,7.84701125,476.2789,True,False
arm64,3008,7.846937031666666,436.5671,True,False
x64,128,1.0101539733333333,1478.9707,True,False
x64,256,1.00851339,899.0552,True,False
x64,512,1.007679535,596.2126,True,False
x64,1024,1.0071838116666667,484.8175,True,False
x64,2048,1.0070839566666667,454.8687,True,False
x64,3008,1.00743394,428.9064,True,False
arm64,128,1.0060738533333333,1634.6025,True,False
arm64,256,1.0055004283333333,974.0561,True,False
arm64,512,1.00532542,658.2692,True,False
arm64,1024,1.0051031233333334,493.1171,True,False
arm64,2048,1.0043615716666667,422.8936,True,False
arm64,3008,1.0037021616666666,426.1698,True,False
x64,128,0.9732708266666666,121.8222,False,False
x64,256,0.9507103783333334,57.8894,False,False
x64,512,0.9367501183333333,49.3288,False,False
x64,1024,0.927717595,60.0242,False,False
x64,2048,0.920635145,56.0906,False,False
x64,3008,0.9140286233333333,53.9802,False,False
arm64,128,0.9076563716666667,133.8149,False,False
arm64,256,0.8826019283333333,56.5792,False,False
arm64,512,0.8671320283333334,53.9665,False,False
arm64,1024,0.8571655216666667,51.9684,False,False
arm64,2048,0.8497568433333333,58.1596,False,False
arm64,3008,0.843746335,58.8625,False,False
x64,128,0.8384995883333334,53.3133,False,False
x64,256,0.8372345383333333,62.3012,False,False
x64,512,0.8372585883333333,53.2055,False,False
x64,1024,0.83722017,48.9843,False,False
x64,2048,0.8370173583333334,52.5295,False,False
x64,3008,0.8368146333333333,53.4101,False,False
arm64,128,0.836895865,46.6529,False,False
arm64,256,0.83523415,63.104,False,False
arm64,512,0.83535109,45.1809,False,False
arm64,1024,0.83499474,51.3883,False,False
arm64,2048,0.8350061583333334,46.9879,False,False
arm64,3008,0.83478613,60.0814,False,False
x64,128,0.8348477833333333,60.6793,False,False
x64,256,0.8351056016666667,50.2266,False,False
x64,512,0.8350242533333333,54.9527,False,False
x64,1024,0.8351866,51.0804,False,False
x64,2048,0.8352076783333333,65.1762,False,False
x64,3008,0.8354937866666666,52.1616,False,False
arm64,128,0.835602875,48.6359,False,False
arm64,256,0.8358637283333333,49.5344,False,False
arm64,512,0.83575234,51.3377,False,False
arm64,1024,0.8359306183333334,57.2061,False,False
arm64,2048,0.83595134,62.2197,False,False
arm64,3008,0.8361191433333334,61.2947,False,False
x64,128,0.836150355,112.7097,False,False
x64,256,0.8369683633333334,47.2647,False,False
x64,512,0.8368388616666667,47.0499,False,False
x64,1024,0.8366234216666667,48.1452,False,False
x64,2048,0.8366417633333333,54.0506,False,False
x64,3008,0.8364692533333333,47.2816,False,False
arm64,128,0.8361882016666666,92.612,False,False
arm64,256,0.8368537483333334,47.4084,False,False
arm64,512,0.8368015183333334,50.6536,False,False
arm64,1024,0.8369208883333333,55.3128,False,False
arm64,2048,0.8370761033333334,56.8289,False,False
arm64,3008,0.8370461383333333,54.6935,False,False
x64,128,0.836554425,59.7329,False,False
x64,256,0.8356661683333333,60.9285,False,False
x64,512,0.8360164966666667,52.3173,False,False
x64,1024,0.83610022,51.5148,False,False
x64,2048,0.8361957716666667,47.7407,False,False
x64,3008,0.8362112466666667,51.8889,False,False
arm64,128,0.8363736266666667,66.6685,False,False
arm64,256,0.8358534066666666,59.8076,False,False
arm64,512,0.8360016966666667,48.7808,False,False
arm64,1024,0.8359908016666666,55.0039,False,False
arm64,2048,0.8357657,47.0983,False,False
arm64,3008,0.8355765233333333,54.547,False,False
x64,128,0.8352129066666667,47.2812,False,False
x64,256,0.835144405,133.2608,False,False
x64,512,0.8363531216666666,79.4404,False,False
x64,1024,0.8367148983333333,51.7207,False,False
x64,2048,0.83683021,45.0781,False,False
x64,3008,0.8365555866666666,50.9018,False,False
arm64,128,0.836643525,526.2047,False,False
arm64,256,0.8442588,51.49,False,False
arm64,512,0.8442606066666667,51.5111,False,False
arm64,1024,0.8440853833333334,51.2892,False,False
arm64,2048,0.8441092733333333,45.8882,False,False
arm64,3008,0.8440070533333334,45.4256,False,False
x64,128,0.84472556,64.2807,False,False
x64,256,0.8449556233333333,54.5123,False,False
x64,512,0.8435243283333334,48.3231,False,False
x64,1024,0.8431504633333333,58.3669,False,False
x64,2048,0.8431088566666667,56.0685,False,False
x64,3008,0.8433830333333333,50.4042,False,False
arm64,128,0.843289895,59.3145,False,False
arm64,256,0.8354857766666667,101.5926,False,False
arm64,512,0.8361570233333333,53.3061,False,False
arm64,1024,0.8363974033333333,50.6308,False,False
arm64,2048,0.8364062716666667,53.8754,False,False
arm64,3008,0.836631585,54.7997,False,False
x64,128,0.83966295,43.1487,False,False
x64,256,0.839372955,54.6367,False,False
x64,512,0.8395299333333334,47.9483,False,False
x64,1024,0.83955008,49.5403,False,False
x64,2048,0.839554535,49.0755,False,False
x64,3008,0.83958071,48.9099,False,False
arm64,128,0.83955989,48.9587,False,False
arm64,256,0.839622225,56.1502,False,False
arm64,512,0.83890607,48.411,False,False
arm64,1024,0.838828,53.3135,False,False
arm64,2048,0.8389801266666667,47.5575,False,False
arm64,3008,0.8388233816666667,46.8577,False,False
x64,128,0.83416236,49.4933,False,False
x64,256,0.834286465,45.6215,False,False
x64,512,0.8339901483333333,48.8101,False,False
x64,1024,0.8338206633333334,45.9219,False,False
x64,2048,0.8335842183333333,52.3194,False,False
x64,3008,0.83348027,50.3941,False,False
arm64,128,0.8335202683333334,46.3567,False,False
arm64,256,0.8333745766666667,48.6875,False,False
arm64,512,0.8332003783333334,58.8071,False,False
arm64,1024,0.8331475616666667,56.7787,False,False
arm64,2048,0.8330095283333333,54.195,False,False
arm64,3008,0.8331439233333333,48.7124,False,False
x64,128,0.837429865,90.8223,False,False
x64,256,0.837904905,104.5621,False,False
x64,512,0.838884845,52.0112,False,False
x64,1024,0.839151595,49.8808,False,False
x64,2048,0.8393044533333334,52.3091,False,False
x64,3008,0.8392459416666667,51.0273,False,False
arm64,128,0.8392759116666667,105.8752,False,False
arm64,256,0.8401866,69.7732,False,False
arm64,512,0.8406007833333333,47.8886,False,False
arm64,1024,0.8404817766666667,50.0939,False,False
arm64,2048,0.8404711083333334,50.411,False,False
arm64,3008,0.8404850866666667,48.8307,False,False
x64,128,0.839231165,57.478,False,False
x64,256,0.8387594766666666,53.5389,False,False
x64,512,0.837974055,60.0442,False,False
x64,1024,0.8379833733333333,55.2257,False,False
x64,2048,0.83815729,71.3665,False,False
x64,3008,0.8386499183333334,62.2883,False,False
arm64,128,0.8388132366666666,57.668,False,False
arm64,256,0.837960225,55.6375,False,False
arm64,512,0.837691125,54.9349,False,False
arm64,1024,0.8379798566666666,55.6628,False,False
arm64,2048,0.8379744616666667,54.2233,False,False
arm64,3008,0.8380500733333334,57.209,False,False
x64,128,0.83606044,51.2106,False,False
x64,256,0.8360287966666666,59.1505,False,False
x64,512,0.8359854933333334,70.3241,False,False
x64,1024,0.8362334583333333,57.6085,False,False
x64,2048,0.836076065,54.0706,False,False
x64,3008,0.83582585,49.0958,False,False
arm64,128,0.8354509233333334,65.787,False,False
arm64,256,0.8357917683333334,45.6668,False,False
arm64,512,0.83569555,53.5938,False,False
arm64,1024,0.83556415,47.3215,False,False
arm64,2048,0.8354205383333333,53.7829,False,False
arm64,3008,0.835289415,50.08,False,False
x64,128,0.8350781316666667,48.8116,False,False
x64,256,0.835096625,44.6232,False,False
x64,512,0.8350689916666667,51.8432,False,False
x64,1024,0.834721975,67.7255,False,False
x64,2048,0.8348924933333334,50.3648,False,False
x64,3008,0.8347225083333333,54.1881,False,False
arm64,128,0.834826645,54.6432,False,False
arm64,256,0.8346489816666667,47.6944,False,False
arm64,512,0.8347274683333333,50.1648,False,False
arm64,1024,0.83457632,55.1221,False,False
arm64,2048,0.8347069583333333,47.3631,False,False
arm64,3008,0.83472074,46.1824,False,False
x64,128,0.8384163116666666,46.3034,False,False
x64,256,0.8381338,51.9799,False,False
x64,512,0.838064015,51.8309,False,False
x64,1024,0.837965455,48.9106,False,False
x64,2048,0.8376913333333333,56.7299,False,False
x64,3008,0.8377373066666667,50.44,False,False
arm64,128,0.83774873,47.9776,False,False
arm64,256,0.8375258716666667,92.407,False,False
arm64,512,0.8382241283333334,46.8004,False,False
arm64,1024,0.8381368433333334,55.098,False,False
arm64,2048,0.8383332633333334,52.555,False,False
arm64,3008,0.8382867983333333,48.2898,False,False
x64,128,0.834767565,50.4963,False,False
x64,256,0.83485876,55.6556,False,False
x64,512,0.8348985166666667,53.2571,False,False
x64,1024,0.8349907016666667,55.8367,False,False
x64,2048,0.8350409633333333,52.6107,False,False
x64,3008,0.83509852,52.5787,False,False
arm64,128,0.8351853483333334,101.9152,False,False
arm64,256,0.8359788816666667,72.9797,False,False
arm64,512,0.8356743866666667,49.6496,False,False
arm64,1024,0.8358415866666666,65.9744,False,False
arm64,2048,0.83582679,52.2057,False,False
arm64,3008,0.835780875,54.7052,False,False
x64,128,0.8366459633333333,222.0615,False,False
x64,256,0.8395128416666666,47.0764,False,False
x64,512,0.839373515,47.3489,False,False
x64,1024,0.8393859816666667,61.0746,False,False
x64,2048,0.839717875,57.7471,False,False
x64,3008,0.8397001283333333,48.9383,False,False
arm64,128,0.8396787933333333,58.8001,False,False
arm64,256,0.8391873366666667,61.4103,False,False
arm64,512,0.8390010483333333,45.2756,False,False
arm64,1024,0.839011035,59.6317,False,False
arm64,2048,0.838961695,58.864,False,False
arm64,3008,0.839022345,47.8268,False,False
x64,128,0.8381248316666666,54.7081,False,False
x64,256,0.835509975,56.0349,False,False
x64,512,0.835715705,49.5361,False,False
x64,1024,0.8355841416666666,52.6716,False,False
x64,2048,0.8353341883333333,54.1439,False,False
x64,3008,0.8352378283333334,56.0837,False,False
arm64,128,0.83516701,130.2121,False,False
arm64,256,0.836120745,53.2161,False,False
arm64,512,0.8358670016666667,56.949,False,False
arm64,1024,0.836053255,54.7232,False,False
arm64,2048,0.83607819,51.5619,False,False
arm64,3008,0.835991,55.1083,False,False
x64,128,0.83585474,283.8546,False,False
x64,256,0.8394746283333333,47.6688,False,False
x64,512,0.8394062983333334,49.6036,False,False
x64,1024,0.8395876316666666,49.7506,False,False
x64,2048,0.8395973533333333,47.7051,False,False
x64,3008,0.83963996,51.9684,False,False
arm64,128,0.83981352,99.5748,False,False
arm64,256,0.83948535,54.4155,False,False
arm64,512,0.83962658,70.5831,False,False
arm64,1024,0.8396666466666667,47.1588,False,False
arm64,2048,0.8393795716666667,47.1912,False,False
arm64,3008,0.8394957683333333,63.2204,False,False
x64,128,0.8396324116666667,66.1487,False,False
x64,256,0.835968305,51.1384,False,False
x64,512,0.83598643,58.9141,False,False
x64,1024,0.8359247083333333,52.4114,False,False
x64,2048,0.8358078666666666,55.4203,False,False
x64,3008,0.835810975,54.546,False,False
arm64,128,0.8356969983333333,55.1013,False,False
arm64,256,0.834830635,52.9921,False,False
arm64,512,0.834845495,60.9412,False,False
arm64,1024,0.8346771016666666,75.4692,False,False
arm64,2048,0.83531279,50.518,False,False
arm64,3008,0.83534284,51.1082,False,False
x64,128,0.8368323566666667,57.5999,False,False
x64,256,0.8368981683333333,48.6534,False,False
x64,512,0.8368590516666666,44.5614,False,False
x64,1024,0.8366476316666667,62.832,False,False
x64,2048,0.8368474166666666,52.0832,False,False
x64,3008,0.8367321,50.0168,False,False
arm64,128,0.8367666666666667,50.374,False,False
arm64,256,0.8367651066666667,68.8825,False,False
arm64,512,0.8368195233333333,49.0628,False,False
arm64,1024,0.8367780316666666,50.7559,False,False
arm64,2048,0.83616802,52.0616,False,False
arm64,3008,0.836093915,57.7021,False,False
x64,128,0.834706165,54.6158,False,False
x64,256,0.834614195,65.2718,False,False
x64,512,0.8350027716666667,49.5785,False,False
x64,1024,0.8352092966666667,56.4861,False,False
x64,2048,0.8351264416666667,48.6776,False,False
x64,3008,0.835168085,62.3181,False,False
arm64,128,0.8351669266666667,158.6487,False,False
arm64,256,0.8369480716666666,52.8083,False,False
arm64,512,0.836769625,55.4371,False,False
arm64,1024,0.8367688133333333,52.639,False,False
arm64,2048,0.8368060383333333,49.8243,False,False
arm64,3008,0.8368141833333334,46.1044,False,False
x64,128,0.8364670433333333,148.0658,False,False
x64,256,0.83805901,58.8849,False,False
x64,512,0.8378932966666667,98.2409,False,False
x64,1024,0.8387104283333333,52.0388,False,False
x64,2048,0.83855665,50.7409,False,False
x64,3008,0.83851899,67.3604,False,False
arm64,128,0.8387425266666667,52.5364,False,False
arm64,256,0.8370658716666667,55.2835,False,False
arm64,512,0.8372328266666667,50.5133,False,False
arm64,1024,0.8371795416666666,48.3087,False,False
arm64,2048,0.8372535633333333,49.9291,False,False
arm64,3008,0.8372391133333333,48.0036,False,False
x64,128,0.8379764816666667,69.5384,False,False
x64,256,0.8366403766666667,60.6911,False,False
x64,512,0.8367392333333333,72.3443,False,False
x64,1024,0.8363134166666667,50.6642,False,False
x64,2048,0.83634434,56.5387,False,False
x64,3008,0.836662155,55.2827,False,False
arm64,128,0.8364255766666666,89.2083,False,False
arm64,256,0.836946025,69.6419,False,False
arm64,512,0.8370796766666667,57.4564,False,False
arm64,1024,0.837211755,58.7981,False,False
arm64,2048,0.8373354783333333,50.2984,False,False
arm64,3008,0.8374653566666667,69.5334,False,False
x64,128,0.839494525,44.4254,False,False
x64,256,0.8390630566666667,58.457,False,False
x64,512,0.839038355,53.8499,False,False
x64,1024,0.838567895,53.9515,False,False
x64,2048,0.8387009216666667,49.621,False,False
x64,3008,0.83853641,65.1996,False,False
arm64,128,0.8386826766666666,187.627,False,False
arm64,256,0.8404423933333334,45.431,False,False
arm64,512,0.8401290183333333,46.7482,False,False
arm64,1024,0.8399983533333333,50.2353,False,False
arm64,2048,0.8397689783333333,49.5965,False,False
arm64,3008,0.8397323533333333,63.9149,False,False
x64,128,0.8370264066666666,479.1831,False,False
x64,256,0.8442057166666667,67.3844,False,False
x64,512,0.8442377,47.5781,False,False
x64,1024,0.844173605,49.9228,False,False
x64,2048,0.84404071,50.5522,False,False
x64,3008,0.8440082966666667,49.0576,False,False
arm64,128,0.8437443483333333,341.3748,False,False
arm64,256,0.8462649116666666,49.0904,False,False
arm64,512,0.84613913,51.0563,False,False
arm64,1024,0.8461617766666667,51.0557,False,False
arm64,2048,0.8463716933333333,50.6313,False,False
arm64,3008,0.8463960633333333,47.5644,False,False
x64,128,0.8485856466666667,48.5471,False,False
x64,256,0.8414066666666666,45.3601,False,False
x64,512,0.8411029033333334,53.8125,False,False
x64,1024,0.8411755216666666,51.896,False,False
x64,2048,0.8412850716666667,47.8573,False,False
x64,3008,0.8413117583333334,53.7252,False,False
arm64,128,0.8414464366666666,55.0746,False,False
arm64,256,0.836640185,52.2225,False,False
arm64,512,0.8367865433333334,46.0377,False,False
arm64,1024,0.8367992183333334,54.4443,False,False
arm64,2048,0.836864205,52.1137,False,False
arm64,3008,0.8368035383333333,49.7623,False,False
x64,128,0.8369030633333333,430.5846,False,False
x64,256,0.8434058966666667,46.3628,False,False
x64,512,0.843480185,52.4978,False,False
x64,1024,0.8435503383333334,85.1211,False,False
x64,2048,0.844169555,60.1965,False,False
x64,3008,0.84416521,52.4562,False,False
arm64,128,0.8441376916666666,167.118,False,False
arm64,256,0.8460563066666666,51.2198,False,False
arm64,512,0.8461644633333333,73.7888,False,False
arm64,1024,0.8465552833333333,53.5343,False,False
arm64,2048,0.8465759883333334,53.1059,False,False
arm64,3008,0.8465047066666667,54.9355,False,False
x64,128,0.8468175083333334,49.1406,False,False
x64,256,0.8403792516666667,47.0589,False,False
x64,512,0.8402015283333333,70.6528,False,False
x64,1024,0.8405224933333333,52.4354,False,False
x64,2048,0.8399617616666667,55.6786,False,False
x64,3008,0.840096985,57.8412,False,False
arm64,128,0.8401597316666667,54.8584,False,False
arm64,256,0.8381422566666666,54.4232,False,False
arm64,512,0.83800323,46.6485,False,False
arm64,1024,0.837656,55.6011,False,False
arm64,2048,0.8376225583333333,49.969,False,False
arm64,3008,0.8376190533333333,54.0782,False,False
x64,128,0.83516115,93.6908,False,False
x64,256,0.8359162183333333,51.3499,False,False
x64,512,0.836144045,60.4223,False,False
x64,1024,0.8359800533333334,53.9912,False,False
x64,2048,0.835910685,61.5502,False,False
x64,3008,0.835833515,52.134,False,False
arm64,128,0.8357089233333334,152.6841,False,False
arm64,256,0.8374103033333333,129.5756,False,False
arm64,512,0.8386636433333333,57.9877,False,False
arm64,1024,0.8387036166666667,55.8859,False,False
arm64,2048,0.8386125966666667,53.4964,False,False
arm64,3008,0.838708785,49.2178,False,False
x64,128,0.842150965,63.9587,False,False
x64,256,0.8417486183333334,57.9012,False,False
x64,512,0.841753825,49.555,False,False
x64,1024,0.84152587,51.8102,False,False
x64,2048,0.84160512,51.4548,False,False
x64,3008,0.8416107816666667,52.0179,False,False
arm64,128,0.84153963,48.8261,False,False
arm64,256,0.839873615,52.9619,False,False
arm64,512,0.8385663916666667,56.603,False,False
arm64,1024,0.8384741133333333,49.5451,False,False
arm64,2048,0.8382922033333333,48.4186,False,False
arm64,3008,0.838234075,52.5184,False,False
x64,128,0.8344365166666666,77.2768,False,False
x64,256,0.8344186516666666,46.8314,False,False
x64,512,0.8343175933333333,51.981,False,False
x64,1024,0.834466445,52.0677,False,False
x64,2048,0.834402025,50.8615,False,False
x64,3008,0.8343408933333334,54.8465,False,False
arm64,128,0.834432695,92.0051,False,False
arm64,256,0.8351939433333333,65.2932,False,False
arm64,512,0.8355382083333334,52.5443,False,False
arm64,1024,0.835678605,72.3193,False,False
arm64,2048,0.8362151533333333,51.9003,False,False
arm64,3008,0.836101975,56.6538,False,False
x64,128,0.8367234916666667,136.0968,False,False
x64,256,0.8379561783333334,49.8691,False,False
x64,512,0.8379065316666666,47.7039,False,False
x64,1024,0.8376802716666667,51.4913,False,False
x64,2048,0.8375563333333333,51.6794,False,False
x64,3008,0.8374780483333333,52.4946,False,False
arm64,128,0.83740513,51.2098,False,False
arm64,256,0.8365784583333333,50.2018,False,False
arm64,512,0.8363743566666667,57.6243,False,False
arm64,1024,0.8364599066666667,51.9213,False,False
arm64,2048,0.8360415566666667,56.7399,False,False
arm64,3008,0.8361678816666667,54.8223,False,False
x64,128,0.84172656,50.0363,False,False
x64,256,0.8401683516666667,48.271,False,False
x64,512,0.8400644966666667,61.5497,False,False
x64,1024,0.8404618166666666,49.1971,False,False
x64,2048,0.8404433316666666,52.7379,False,False
x64,3008,0.8404347316666667,51.6863,False,False
arm64,128,0.8405980366666667,47.4979,False,False
arm64,256,0.8404869183333333,46.1163,False,False
arm64,512,0.8404074483333334,48.5008,False,False
arm64,1024,0.8401460466666667,50.6102,False,False
arm64,2048,0.8401703116666667,50.8057,False,False
arm64,3008,0.84004829,52.2529,False,False
x64,128,0.838871055,481.9334,False,False
x64,256,0.8460161266666667,50.783,False,False
x64,512,0.8462679216666666,48.6131,False,False
x64,1024,0.84597412,49.2231,False,False
x64,2048,0.8459773316666667,51.3594,False,False
x64,3008,0.8460769616666667,53.5225,False,False
arm64,128,0.8459141916666667,51.2925,False,False
arm64,256,0.8460297766666667,53.8299,False,False
arm64,512,0.8461093,47.3048,False,False
arm64,1024,0.8461333833333333,50.0964,False,False
arm64,2048,0.846131925,54.3454,False,False
arm64,3008,0.8463504983333333,54.7293,False,False
x64,128,0.84256313,68.6619,False,False
x64,256,0.8356871866666666,52.8888,False,False
x64,512,0.83558078,52.1303,False,False
x64,1024,0.83568432,58.5924,False,False
x64,2048,0.8359544516666667,70.8615,False,False
x64,3008,0.8363373316666667,57.8978,False,False
arm64,128,0.836413295,51.8974,False,False
arm64,256,0.8364333733333333,75.0922,False,False
arm64,512,0.836639455,55.1688,False,False
arm64,1024,0.8366829316666666,53.2954,False,False
arm64,2048,0.83660765,58.105,False,False
arm64,3008,0.8365981416666667,55.2456,False,False
x64,128,0.8380187566666667,46.7607,False,False
x64,256,0.8376849116666667,47.2087,False,False
x64,512,0.837674365,52.0409,False,False
x64,1024,0.8376979316666666,49.8467,False,False
x64,2048,0.83740028,53.9085,False,False
x64,3008,0.8368844766666667,55.0127,False,False
arm64,128,0.837016175,1593.8307,False,False
arm64,256,0.8626864983333333,48.4833,False,False
arm64,512,0.8622626116666666,45.2287,False,False
arm64,1024,0.8621330816666667,49.2875,False,False
arm64,2048,0.8622538733333334,57.1267,False,False
arm64,3008,0.8623021716666667,50.6659,False,False
x64,128,0.861583465,192.3665,False,False
x64,256,0.8640015833333333,47.7285,False,False
x64,512,0.86404686,88.6577,False,False
x64,1024,0.8645117416666667,49.7842,False,False
x64,2048,0.86454322,56.6955,False,False
x64,3008,0.8646582733333333,47.0572,False,False
arm64,128,0.8644644316666666,61.2991,False,False
arm64,256,0.8390729233333334,106.4525,False,False
arm64,512,0.8400364083333334,47.1976,False,False
arm64,1024,0.840122495,55.1387,False,False
arm64,2048,0.8402303766666667,57.1308,False,False
arm64,3008,0.8401629883333334,49.3654,False,False
x64,128,0.8381670966666667,49.9907,False,False
x64,256,0.8359283983333333,46.2174,False,False
x64,512,0.83594027,72.6915,False,False
x64,1024,0.8357955,52.7232,False,False
x64,2048,0.8359517383333334,50.9062,False,False
x64,3008,0.835926615,56.8371,False,False
arm64,128,0.8359824733333333,59.3336,False,False
arm64,256,0.8359318783333334,48.0046,False,False
arm64,512,0.8351001816666667,50.7246,False,False
arm64,1024,0.8352414783333333,59.8834,False,False
arm64,2048,0.8352402683333333,54.041,False,False
arm64,3008,0.8351063966666666,54.0743,False,False
x64,128,0.8381533533333333,154.0315,False,False
x64,256,0.8396871483333334,47.2744,False,False
x64,512,0.8395793183333333,58.0399,False,False
x64,1024,0.83925529,51.6544,False,False
x64,2048,0.8392247766666666,54.0176,False,False
x64,3008,0.8391336566666666,53.0892,False,False
arm64,128,0.8392014383333334,345.5158,False,False
arm64,256,0.8440021916666667,107.2414,False,False
arm64,512,0.8448865016666667,74.8327,False,False
arm64,1024,0.845299765,64.1416,False,False
arm64,2048,0.845336515,48.5267,False,False
arm64,3008,0.8454496,53.0106,False,False
x64,128,0.843238565,40.9967,False,False
x64,256,0.8414868466666666,124.6329,False,False
x64,512,0.84272244,52.3522,False,False
x64,1024,0.8427487,49.9005,False,False
x64,2048,0.84274444,57.6444,False,False
x64,3008,0.8430259983333334,47.9313,False,False
arm64,128,0.8429127483333333,50.273,False,False
arm64,256,0.8379367316666667,51.4404,False,False
arm64,512,0.8371162333333333,66.287,False,False
arm64,1024,0.8369491133333333,56.6062,False,False
arm64,2048,0.8367779616666666,49.9374,False,False
arm64,3008,0.836763655,51.1505,False,False
x64,128,0.83668893,78.799,False,False
x64,256,0.8373298216666667,106.019,False,False
x64,512,0.8370423166666666,54.0307,False,False
x64,1024,0.83695173,60.2837,False,False
x64,2048,0.8369752483333334,54.418,False,False
x64,3008,0.8368495183333333,50.2684,False,False
arm64,128,0.8369378433333333,48.4698,False,False
arm64,256,0.836960485,212.0471,False,False
arm64,512,0.83949979,50.5392,False,False
arm64,1024,0.83923797,81.6033,False,False
arm64,2048,0.8397432583333333,57.7033,False,False
arm64,3008,0.8399264333333334,51.9836,False,False
x64,128,0.8440027716666667,899.2853,False,False
x64,256,0.857741645,46.0528,False,False
x64,512,0.85671416,276.8691,True,False
x64,1024,0.8603517566666666,52.495,False,False
x64,2048,0.860206185,48.7019,False,False
x64,3008,0.8600842416666666,64.8581,False,False
arm64,128,0.860252455,877.8382,False,False
arm64,256,0.8739350566666667,52.7406,False,False
arm64,512,0.8712457383333333,48.6976,False,False
arm64,1024,0.8711081616666667,49.0584,False,False
arm64,2048,0.87054042,49.9785,False,False
arm64,3008,0.8702057883333333,47.6808,False,False
x64,128,0.8659764683333333,62.8538,False,False
x64,256,0.8519405383333334,54.3451,False,False
x64,512,0.852068105,55.286,False,False
x64,1024,0.8485150166666666,51.3312,False,False
x64,2048,0.84852396,50.6659,False,False
x64,3008,0.8486334383333334,54.3514,False,False
arm64,128,0.848382545,53.454,False,False
arm64,256,0.8347691816666667,50.9694,False,False
arm64,512,0.8347384166666667,63.8236,False,False
arm64,1024,0.8351205683333334,53.0785,False,False
arm64,2048,0.8351496733333333,53.4165,False,False
arm64,3008,0.8353343266666666,54.5446,False,False
x64,128,0.835039005,420.1754,False,False
x64,256,0.8410280383333333,43.8675,False,False
x64,512,0.8409169883333333,50.7162,False,False
x64,1024,0.8407814383333333,48.7198,False,False
x64,2048,0.8407411716666666,49.545,False,False
x64,3008,0.8405891183333334,56.4708,False,False
arm64,128,0.84061258,116.8301,False,False
arm64,256,0.84155994,50.7871,False,False
arm64,512,0.8417449816666667,46.3656,False,False
arm64,1024,0.8413407666666667,47.1922,False,False
arm64,2048,0.8413403766666666,49.3499,False,False
arm64,3008,0.8411619916666667,50.2173,False,False
x64,128,0.84111729,41.5664,False,False
x64,256,0.8348251966666667,45.9022,False,False
x64,512,0.834842005,49.6284,False,False
x64,1024,0.8349192683333333,46.9449,False,False
x64,2048,0.8350083766666667,53.3153,False,False
x64,3008,0.8351724883333334,53.5364,False,False
arm64,128,0.8351592633333333,226.8075,False,False
arm64,256,0.837091435,47.5057,False,False
arm64,512,0.8369716666666667,113.2653,False,False
arm64,1024,0.8380497083333334,51.4401,False,False
arm64,2048,0.8379810066666666,48.8544,False,False
arm64,3008,0.837990165,61.07,False,False
x64,128,0.8391631083333333,64.07,False,False
x64,256,0.839558465,46.8373,False,False
x64,512,0.8395706966666666,50.6183,False,False
x64,1024,0.839436515,51.1709,False,False
x64,2048,0.839388685,47.4987,False,False
x64,3008,0.8392630533333333,51.9863,False,False
arm64,128,0.839331905,104.9217,False,False
arm64,256,0.83724348,46.1545,False,False
arm64,512,0.837211255,49.0646,False,False
arm64,1024,0.8362715016666666,49.4242,False,False
arm64,2048,0.83623496,48.9894,False,False
arm64,3008,0.836378985,50.8961,False,False
x64,128,0.83676668,98.4007,False,False
x64,256,0.8373175733333333,145.9074,False,False
x64,512,0.838897325,60.1146,False,False
x64,1024,0.8391469233333333,51.6958,False,False
x64,2048,0.8393017266666667,53.8066,False,False
x64,3008,0.8393418583333333,55.7892,False,False
arm64,128,0.839273025,53.2344,False,False
arm64,256,0.8383513966666667,52.941,False,False
arm64,512,0.83852884,55.6628,False,False
arm64,1024,0.8385992316666666,54.8508,False,False
arm64,2048,0.83886283,52.7129,False,False
arm64,3008,0.8389361216666666,70.9394,False,False
x64,128,0.8385761583333333,42.5374,False,False
x64,256,0.837537945,112.9547,False,False
x64,512,0.83714638,54.6238,False,False
x64,1024,0.8371721233333334,47.926,False,False
x64,2048,0.8371238083333333,51.9405,False,False
x64,3008,0.8370297233333334,46.4005,False,False
arm64,128,0.83701081,49.9812,False,False
arm64,256,0.8368753566666667,45.3432,False,False
arm64,512,0.836600175,48.083,False,False
arm64,1024,0.8365122483333334,51.4593,False,False
arm64,2048,0.8364215083333333,50.7653,False,False
arm64,3008,0.8363330516666667,47.2534,False,False
x64,128,0.8351115566666667,76.3831,False,False
x64,256,0.83578385,48.2962,False,False
x64,512,0.8345686083333334,57.0899,False,False
x64,1024,0.8344552766666666,59.7422,False,False
x64,2048,0.8345508783333333,50.002,False,False
x64,3008,0.8346038816666667,51.3931,False,False
arm64,128,0.8347188633333333,203.9054,False,False
arm64,256,0.8372807083333333,62.8463,False,False
arm64,512,0.8376116133333333,44.6843,False,False
arm64,1024,0.83750216,48.8504,False,False
arm64,2048,0.8373105066666666,51.3979,False,False
arm64,3008,0.8372354366666667,52.6733,False,False
x64,128,0.8381828716666667,48.3102,False,False
x64,256,0.83767327,66.3774,False,False
x64,512,0.837954935,46.9044,False,False
x64,1024,0.83775107,52.0097,False,False
x64,2048,0.8376934266666667,51.7855,False,False
x64,3008,0.83781875,58.637,False,False
arm64,128,0.8377540766666667,47.1308,False,False
arm64,256,0.83522064,44.9584,False,False
arm64,512,0.8349963833333334,44.3277,False,False
arm64,1024,0.8350006783333334,53.8699,False,False
arm64,2048,0.83520664,60.2993,False,False
arm64,3008,0.8353596183333334,52.2713,False,False
x64,128,0.8344058933333334,45.3631,False,False
x64,256,0.8343694033333333,65.3878,False,False
x64,512,0.8345619366666667,53.6171,False,False
x64,1024,0.8347586216666667,50.7506,False,False
x64,2048,0.8346231783333333,55.6124,False,False
x64,3008,0.834713745,56.104,False,False
arm64,128,0.83480761,51.0423,False,False
arm64,256,0.8349167733333334,94.3471,False,False
arm64,512,0.8357091283333333,53.8614,False,False
arm64,1024,0.83588372,48.3758,False,False
arm64,2048,0.8358868633333333,57.3968,False,False
arm64,3008,0.8358184,51.4851,False,False
x64,128,0.83520258,92.3828,False,False
x64,256,0.8358709683333333,54.4583,False,False
x64,512,0.835544325,50.1098,False,False
x64,1024,0.83538088,57.3265,False,False
x64,2048,0.83565343,49.6532,False,False
x64,3008,0.8354642166666667,47.7382,False,False
arm64,128,0.8353121033333333,49.8042,False,False
arm64,256,0.8352384066666667,61.3811,False,False
arm64,512,0.8346668366666666,112.3541,False,False
arm64,1024,0.8356422,45.9334,False,False
arm64,2048,0.8355531616666667,47.698,False,False
arm64,3008,0.8354226133333333,45.5045,False,False
x64,128,0.8398992016666667,119.0139,False,False
x64,256,0.8405214333333333,62.8931,False,False
x64,512,0.840637505,52.4703,False,False
x64,1024,0.8406927766666666,53.0635,False,False
x64,2048,0.8405556516666667,51.6583,False,False
x64,3008,0.8405056883333333,54.8188,False,False
arm64,128,0.8406781066666666,68.2137,False,False
arm64,256,0.8410135066666666,56.0064,False,False
arm64,512,0.84095814,49.0633,False,False
arm64,1024,0.8398602633333333,57.8833,False,False
arm64,2048,0.8399649383333333,58.4382,False,False
arm64,3008,0.8401554483333333,55.6738,False,False
x64,128,0.8362307716666667,44.3324,False,False
x64,256,0.8348105616666667,75.086,False,False
x64,512,0.8351123283333334,49.8455,False,False
x64,1024,0.83519085,47.0787,False,False
x64,2048,0.8351087316666667,52.41,False,False
x64,3008,0.8352488366666667,48.0999,False,False
arm64,128,0.8349733833333334,46.2141,False,False
arm64,256,0.8346637066666667,281.385,False,False
arm64,512,0.8385082833333334,64.1033,False,False
arm64,1024,0.8388231116666667,47.6928,False,False
arm64,2048,0.838625015,56.0157,False,False
arm64,3008,0.83853119,64.9799,False,False
x64,128,0.83862507,88.2485,False,False
x64,256,0.839537775,104.4113,False,False
x64,512,0.839906945,52.8168,False,False
x64,1024,0.8398948,56.5206,False,False
x64,2048,0.840045165,51.1291,False,False
x64,3008,0.8399114433333333,52.8907,False,False
arm64,128,0.8400376983333333,1065.517,False,False
arm64,256,0.857103115,48.537,False,False
arm64,512,0.8531996316666667,70.5344,False,False
arm64,1024,0.8531178533333333,49.4108,False,False
arm64,2048,0.8532635566666666,55.7812,False,False
arm64,3008,0.8533265916666667,54.9657,False,False
x64,128,0.852912655,734.0599,False,False
x64,256,0.8635227366666667,52.5124,False,False
x64,512,0.862761895,49.99,False,False
x64,1024,0.8626461633333333,58.4119,False,False
x64,2048,0.8626903683333333,56.4792,False,False
x64,3008,0.86286325,48.7149,False,False
arm64,128,0.8627808416666667,99.0222,False,False
arm64,256,0.8465996133333333,95.2018,False,False
arm64,512,0.8472459066666667,50.1661,False,False
arm64,1024,0.8470750533333333,50.257,False,False
arm64,2048,0.84692034,51.8675,False,False
arm64,3008,0.8469618416666667,52.6013,False,False
x64,128,0.847196425,40.6223,False,False
x64,256,0.8357842016666667,47.0691,False,False
x64,512,0.835687245,50.9213,False,False
x64,1024,0.8357589716666667,53.7134,False,False
x64,2048,0.8355876566666667,44.4094,False,False
x64,3008,0.83527189,48.5835,False,False
arm64,128,0.835333495,118.2979,False,False
arm64,256,0.83561838,78.3517,False,False
arm64,512,0.8353569766666666,54.101,False,False
arm64,1024,0.8353140433333334,44.7173,False,False
arm64,2048,0.8352493266666666,49.1583,False,False
arm64,3008,0.8350023783333334,47.8082,False,False
x64,128,0.8344940616666666,374.2459,False,False
x64,256,0.83989764,53.3652,False,False
x64,512,0.84001799,46.2834,False,False
x64,1024,0.8399254516666667,49.1059,False,False
x64,2048,0.83987545,49.5013,False,False
x64,3008,0.8401206333333333,46.6736,False,False
arm64,128,0.84000833,58.2612,False,False
arm64,256,0.8389975583333333,98.8892,False,False
arm64,512,0.83949789,65.4611,False,False
arm64,1024,0.839794565,53.3376,False,False
arm64,2048,0.839961535,51.0535,False,False
arm64,3008,0.8400045466666667,46.8947,False,False
x64,128,0.8405952266666666,76.7226,False,False
x64,256,0.83565833,51.2724,False,False
x64,512,0.8355276833333334,58.8416,False,False
x64,1024,0.8357764366666667,54.9103,False,False
x64,2048,0.8359319216666666,53.7052,False,False
x64,3008,0.8358213516666667,55.9707,False,False
arm64,128,0.8360475866666667,93.6473,False,False
arm64,256,0.836591945,53.6552,False,False
arm64,512,0.8355901466666666,51.9808,False,False
arm64,1024,0.8353402433333333,52.2667,False,False
arm64,2048,0.8355004233333333,57.2875,False,False
arm64,3008,0.8358034833333333,59.0249,False,False
x64,128,0.8354005416666667,42.4316,False,False
x64,256,0.8348186616666666,46.5144,False,False
x64,512,0.834747395,45.3669,False,False
x64,1024,0.8345765116666667,50.6331,False,False
x64,2048,0.8343488766666667,46.9916,False,False
x64,3008,0.83437978,60.3474,False,False
arm64,128,0.8345141983333333,383.2017,False,False
arm64,256,0.83933779,122.7271,False,False
arm64,512,0.8406268716666667,53.3302,False,False
arm64,1024,0.840669695,53.4963,False,False
arm64,2048,0.8406708133333334,50.4249,False,False
arm64,3008,0.84037348,48.1261,False,False
x64,128,0.8402832533333333,57.7577,False,False
x64,256,0.8406316766666667,44.1134,False,False
x64,512,0.8405854516666666,47.7201,False,False
x64,1024,0.84066587,46.9739,False,False
x64,2048,0.8408074066666666,52.1173,False,False
x64,3008,0.84076217,49.9559,False,False
arm64,128,0.840593965,67.9564,False,False
arm64,256,0.8352730516666667,164.7726,False,False
arm64,512,0.8359730066666666,50.1978,False,False
arm64,1024,0.8358029683333333,50.1401,False,False
arm64,2048,0.8355274566666666,49.1478,False,False
arm64,3008,0.8354639883333334,50.521,False,False
x64,128,0.8355581783333333,85.4488,False,False
x64,256,0.8360522233333333,41.9827,False,False
x64,512,0.8360153233333333,45.9809,False,False
x64,1024,0.8358637416666667,46.6466,False,False
x64,2048,0.8358200933333333,45.223,False,False
x64,3008,0.8357416616666666,50.9124,False,False
arm64,128,0.8356535616666667,66.0299,False,False
arm64,256,0.8356359066666667,59.0499,False,False
arm64,512,0.8337817833333333,127.7057,False,False
arm64,1024,0.8351878566666666,52.5025,False,False
arm64,2048,0.8354915566666666,54.8623,False,False
arm64,3008,0.8355813916666667,53.9827,False,False
x64,128,0.8364176583333334,121.9685,False,False
x64,256,0.83683935,49.5234,False,False
x64,512,0.83701531,60.3061,False,False
x64,1024,0.8373315166666667,49.9379,False,False
x64,2048,0.837215725,53.5106,False,False
x64,3008,0.83752415,55.6332,False,False
arm64,128,0.8377257633333334,61.8102,False,False
arm64,256,0.8378460233333334,75.7773,False,False
arm64,512,0.83827876,51.229,False,False
arm64,1024,0.8368104133333333,56.4675,False,False
arm64,2048,0.83677348,51.8061,False,False
arm64,3008,0.8368958983333333,74.2194,False,False
x64,128,0.8367461333333334,236.3239,False,False
x64,256,0.8388794883333334,66.5417,False,False
x64,512,0.83906936,56.7452,False,False
x64,1024,0.838965975,51.3823,False,False
x64,2048,0.8392181433333333,46.9255,False,False
x64,3008,0.8390589183333333,51.5134,False,False
arm64,128,0.838853695,72.8668,False,False
arm64,256,0.8390148883333334,50.1986,False,False
arm64,512,0.838566895,49.6805,False,False
arm64,1024,0.838655305,47.427,False,False
arm64,2048,0.8385642133333333,54.3032,False,False
arm64,3008,0.8385078116666667,50.3842,False,False
x64,128,0.8383243833333334,57.3714,False,False
x64,256,0.8351579433333334,78.6359,False,False
x64,512,0.8354474266666667,53.1564,False,False
x64,1024,0.83535724,54.2777,False,False
x64,2048,0.8354122933333333,49.3718,False,False
x64,3008,0.8354553016666667,62.5809,False,False
arm64,128,0.8356682916666667,429.2514,False,False
arm64,256,0.841576905,53.8673,False,False
arm64,512,0.84157589,60.4572,False,False
arm64,1024,0.8418551333333333,55.5121,False,False
arm64,2048,0.84192585,62.18,False,False
arm64,3008,0.8422106,53.2588,False,False
x64,128,0.8419620333333333,80.0025,False,False
x64,256,0.8425126616666667,67.1884,False,False
x64,512,0.842438495,83.125,False,False
x64,1024,0.8428449516666666,48.8476,False,False
x64,2048,0.8426955183333333,49.3759,False,False
x64,3008,0.8426477866666666,49.1452,False,False
arm64,128,0.8424397683333333,51.2381,False,False
arm64,256,0.8361357833333334,90.9122,False,False
arm64,512,0.8368245,53.4363,False,False
arm64,1024,0.83664064,58.4856,False,False
arm64,2048,0.83665156,57.4238,False,False
arm64,3008,0.836540735,50.2362,False,False
x64,128,0.8360346333333334,118.1537,False,False
x64,256,0.8365742833333333,47.0106,False,False
x64,512,0.8361789533333334,54.9292,False,False
x64,1024,0.8359013116666667,59.1942,False,False
x64,2048,0.8360235933333333,55.1297,False,False
x64,3008,0.83600899,58.9711,False,False
arm64,128,0.836203165,589.2685,False,False
arm64,256,0.845179315,60.6277,False,False
arm64,512,0.8446829666666666,61.8688,False,False
arm64,1024,0.8449032466666667,50.6564,False,False
arm64,2048,0.8447042733333333,58.5331,False,False
arm64,3008,0.844697805,63.5815,False,False
x64,128,0.8454873983333333,71.3209,False,False
x64,256,0.8447567433333333,48.0773,False,False
x64,512,0.844630285,49.4551,False,False
x64,1024,0.8445252483333333,51.1141,False,False
x64,2048,0.8442769283333333,50.8167,False,False
x64,3008,0.844247045,46.6285,False,False
arm64,128,0.8440488333333334,46.8444,False,False
arm64,256,0.8348758116666667,248.4172,False,False
arm64,512,0.8379373883333333,53.8456,False,False
arm64,1024,0.8378052766666667,50.9559,False,False
arm64,2048,0.8377779383333334,47.1257,False,False
arm64,3008,0.8374274716666666,47.3507,False,False
x64,128,0.836785795,63.4958,False,False
x64,256,0.8364996066666667,240.4165,False,False
x64,512,0.8398777233333333,51.0112,False,False
x64,1024,0.8397534483333333,46.336,False,False
x64,2048,0.83973576,49.096,False,False
x64,3008,0.8398174,53.722,False,False
arm64,128,0.8399911416666667,105.6485,False,False
arm64,256,0.84117373,75.3144,False,False
arm64,512,0.83834023,49.7534,False,False
arm64,1024,0.8381009333333334,63.9976,False,False
arm64,2048,0.8384031083333333,55.3612,False,False
arm64,3008,0.8385556083333333,50.5348,False,False
x64,128,0.83963614,268.9903,False,False
x64,256,0.8431535633333334,72.5427,False,False
x64,512,0.84037526,47.8587,False,False
x64,1024,0.8404914833333333,52.0913,False,False
x64,2048,0.8405472316666667,47.7252,False,False
x64,3008,0.8405095216666667,58.5207,False,False
arm64,128,0.8405036733333333,55.3955,False,False
arm64,256,0.8394794816666666,86.8562,False,False
arm64,512,0.83965297,72.8876,False,False
arm64,1024,0.8401933233333333,58.6105,False,False
arm64,2048,0.8402062033333333,57.3907,False,False
arm64,3008,0.8403249333333334,54.7345,False,False
x64,128,0.8399128383333333,131.5429,False,False
x64,256,0.837720815,50.6778,False,False
x64,512,0.837215175,54.3724,False,False
x64,1024,0.83719417,54.8798,False,False
x64,2048,0.8373056516666667,60.5562,False,False
x64,3008,0.8374829983333333,54.9873,False,False
arm64,128,0.8373852466666667,55.1695,False,False
arm64,256,0.8374038716666666,55.3246,False,False
arm64,512,0.8367976316666667,59.5815,False,False
arm64,1024,0.8365496133333333,54.349,False,False
arm64,2048,0.83634379,60.2114,False,False
arm64,3008,0.8364373366666666,57.4152,False,False
x64,128,0.8359532,54.7752,False,False
x64,256,0.8345571416666666,55.918,False,False
x64,512,0.8347793283333333,82.8819,False,False
x64,1024,0.83540648,45.8747,False,False
x64,2048,0.83525763,51.346,False,False
x64,3008,0.835067565,55.2331,False,False
arm64,128,0.8352577066666667,56.1939,False,False
arm64,256,0.8353166283333333,162.4842,False,False
arm64,512,0.8371811766666667,52.8501,False,False
arm64,1024,0.8371183133333333,50.3991,False,False
arm64,2048,0.8371944583333333,48.9997,False,False
arm64,3008,0.83701132,45.9823,False,False
x64,128,0.8367597483333333,49.6815,False,False
x64,256,0.8365869433333334,61.763,False,False
x64,512,0.8365761133333334,50.799,False,False
x64,1024,0.835939405,73.7747,False,False
x64,2048,0.8365043216666667,46.4797,False,False
x64,3008,0.8363548216666666,46.1942,False,False
arm64,128,0.8362044383333334,61.401,False,False
arm64,256,0.836230255,85.8507,False,False
arm64,512,0.8349974033333334,81.5115,False,False
arm64,1024,0.8352932333333334,56.9987,False,False
arm64,2048,0.8354069583333333,54.7546,False,False
arm64,3008,0.835364795,59.3363,False,False
x64,128,0.8359222516666667,54.3244,False,False
x64,256,0.8361803366666667,43.4163,False,False
x64,512,0.8359409583333334,51.5674,False,False
x64,1024,0.83603626,53.0804,False,False
x64,2048,0.835540225,51.5367,False,False
x64,3008,0.8355930033333333,48.0723,False,False
arm64,128,0.83556051,905.8589,False,False
arm64,256,0.8497140733333334,45.4962,False,False
arm64,512,0.848848365,43.9158,False,False
arm64,1024,0.848325485,49.1636,False,False
arm64,2048,0.84813335,57.4566,False,False
arm64,3008,0.84826391,51.1,False,False
x64,128,0.84815636,65.3455,False,False
x64,256,0.8482445216666666,51.2805,False,False
x64,512,0.8482429016666667,58.5953,False,False
x64,1024,0.84837582,52.7985,False,False
x64,2048,0.848503885,67.9314,False,False
x64,3008,0.8490289183333334,55.9279,False,False
arm64,128,0.8491707266666667,116.9117,False,False
arm64,256,0.8359520183333333,52.9604,False,False
arm64,512,0.8360925083333334,56.8535,False,False
arm64,1024,0.83618337,52.2816,False,False
arm64,2048,0.836131175,53.8916,False,False
arm64,3008,0.835987045,53.2772,False,False
x64,128,0.8358486133333334,215.7097,False,False
x64,256,0.8384809133333333,149.4925,False,False
x64,512,0.84023473,49.566,False,False
x64,1024,0.8398421766666667,59.4343,False,False
x64,2048,0.8399023033333334,46.8887,False,False
x64,3008,0.8395025516666667,57.9902,False,False
arm64,128,0.83947194,44.9914,False,False
arm64,256,0.8383391283333333,65.8126,False,False
arm64,512,0.83873722,51.0636,False,False
arm64,1024,0.83871825,49.9949,False,False
arm64,2048,0.8387106766666667,48.2308,False,False
arm64,3008,0.83869903,50.5633,False,False
x64,128,0.8388269083333333,745.497,False,False
x64,256,0.8475888516666666,54.708,False,False
x64,512,0.8460977966666666,51.5061,False,False
x64,1024,0.8462217683333333,53.841,False,False
x64,2048,0.846114735,56.4235,False,False
x64,3008,0.8462773116666666,51.8249,False,False
arm64,128,0.8461371583333334,49.2758,False,False
arm64,256,0.8462425216666667,90.6139,False,False
arm64,512,0.846601795,54.1946,False,False
arm64,1024,0.8466872216666667,78.8667,False,False
arm64,2048,0.8471046166666667,62.3798,False,False
arm64,3008,0.847390615,48.56,False,False
x64,128,0.8471390433333333,47.6367,False,False
x64,256,0.8353832233333334,92.8923,False,False
x64,512,0.8359240916666667,53.2908,False,False
x64,1024,0.8359409566666667,54.9827,False,False
x64,2048,0.8359542716666667,53.6379,False,False
x64,3008,0.8358974916666667,52.177,False,False
arm64,128,0.83603931,46.3759,False,False
arm64,256,0.8358598933333333,99.6761,False,False
arm64,512,0.8359925933333333,54.0642,False,False
arm64,1024,0.8359104266666667,49.781,False,False
arm64,2048,0.8354034016666667,50.5743,False,False
arm64,3008,0.8351889533333333,47.6338,False,False
